"Point d'échantillonnage","Date","Température (oC)","Conductivité (µs/cm2)","pH","Signe","Coliformes fécaux (colonies/100mL)","MÉTÉO","Précipitation totale (mm)"
"BLAP-0.5",2014/06/09,"18,4",234,"8,3","=",28,1,0
"BLAP-0.5",2014/06/30,"22,2",239,"8,2","=",21,1,0
"BLAP-0.5",2014/08/05,"24,0",264,"8,6","=",5,1,0
"BLAP-0.5",2014/08/11,"24,3",273,"8,7","=",2,1,0
"BLAP-0.5",2014/08/20,"21,6",191,"8,4","=",7,1,0
"BLAP-0.5",2014/08/26,"23,3",235,"8,6","=",100,1,0
"BLAP-0.5",2014/09/10,"22,3",97,"8,5","=",5,1,0
"BLAP-0.5",2014/09/29,"18,8",98,"8,9","=",28,1,0
"BLAP-0.5",2014/06/18,"19,4",202,"8,0","=",200,0,25
"BLAP-0.5",2014/06/24,"19,7",224,"8,1","=",25,0,4
"BLAP-0.5",2014/07/15,"21,8",240,"8,6","=",8,0,12
"BLAP-0.5",2014/07/23,"23,7",240,"8,5","=",330,0,11
"BLAP-0.5",2014/10/08,"14,9",111,"8,0","=",63,0,21
"BLAP-0.5",2014/10/15,"15,0",96,"8,0","=",13,0,1
"BLAP-0.5",2014/06/04,"17,8",121,"7,9","=",200,-1,21
"BLAP-0.5",2014/07/09,"22,2",203,"8,1","=",91,-1,15
"BLAP-0.5",2014/07/29,"21,5",248,"8,5","=",18,-1,17
"BLAP-0.5",2014/09/01,"23,0",205,"8,5","=",21,-1,10
"BLAP-0.5",2014/09/22,"16,0",129,"8,2","=",58,-1,5
"BLAP-0.5",2014/09/15,"17,4",150,"8,3","=",23,-2,18
"BLAP-01",2014/06/09,"22,1",143,"8,3","=",7,1,0
"BLAP-01",2014/06/30,"23,3",229,"8,0","=",21,1,0
"BLAP-01",2014/08/05,"24,0",248,"8,4","=",25,1,0
"BLAP-01",2014/08/11,"24,5",272,"8,5","=",25,1,0
"BLAP-01",2014/08/20,"21,7",172,"8,4","=",31,1,0
"BLAP-01",2014/08/26,"23,4",202,"8,5","=",18,1,0
"BLAP-01",2014/09/10,"22,8",182,"8,3","=",48,1,0
"BLAP-01",2014/09/29,"18,3",115,"8,2","=",68,1,0
"BLAP-01",2014/06/18,"20,5",195,"8,1","=",150,0,25
"BLAP-01",2014/06/24,"21,3",224,"8,5","=",200,0,4
"BLAP-01",2014/07/15,"22,4",245,"8,2","=",170,0,12
"BLAP-01",2014/07/23,"24,3",238,"8,3","=",90,0,11
"BLAP-01",2014/10/08,"14,9",109,"8,1","=",110,0,21
"BLAP-01",2014/10/15,"15,7",99,"8,1","=",76,0,1
"BLAP-01",2014/06/04,"19,2",132,"7,9","=",5100,-1,21
"BLAP-01",2014/07/09,"22,4",257,"8,1","=",50,-1,15
"BLAP-01",2014/07/29,"22,2",216,"8,2","=",180,-1,17
"BLAP-01",2014/09/01,"22,5",206,"8,3","=",98,-1,10
"BLAP-01",2014/09/22,"15,9",138,"8,3","=",98,-1,5
"BLAP-01",2014/09/15,"17,7",169,"8,2","=",82,-2,18
"BLAP-02",2014/06/09,"21,8",149,"8,6","=",70,1,0
"BLAP-02",2014/06/30,"24,4",233,"8,2","=",13,1,0
"BLAP-02",2014/08/05,"24,0",264,"8,6","=",3,1,0
"BLAP-02",2014/08/11,"25,4",267,"8,6","=",3,1,0
"BLAP-02",2014/08/20,"22,5",231,"8,4","=",3,1,0
"BLAP-02",2014/08/26,"23,7",197,"8,5","=",8,1,0
"BLAP-02",2014/09/10,"23,5",196,"8,4","=",10,1,0
"BLAP-02",2014/09/29,"18,8",130,"8,5","=",11,1,0
"BLAP-02",2014/06/18,"21,5",184,"8,4","=",20,0,25
"BLAP-02",2014/06/24,"21,8",218,"8,2","=",15,0,14
"BLAP-02",2014/07/15,"22,9",247,"8,1","=",3,0,12
"BLAP-02",2014/07/23,"24,9",232,"8,3","=",8,0,11
"BLAP-02",2014/10/08,"15,8",108,"8,3","=",13,0,21
"BLAP-02",2014/10/15,"15,4",121,"8,2","=",2,0,1
"BLAP-02",2014/06/04,"20,1",111,"8,1","=",3,-1,21
"BLAP-02",2014/07/09,"23,4",263,"8,3","=",42,-1,15
"BLAP-02",2014/07/29,"22,7",261,"8,3","=",12,-1,17
"BLAP-02",2014/09/01,"23,5",221,"8,4","=",2,-1,10
"BLAP-02",2014/09/22,"16,0",151,"8,5","=",7,-1,5
"BLAP-02",2014/09/15,"18,6",174,"8,4","<",2,-2,18
"BLAP-1",2014/06/09,"17,8",236,"8,1","=",3,1,0
"BLAP-1",2014/06/30,"21,7",240,"8,1","=",13,1,0
"BLAP-1",2014/08/05,"22,8",274,"8,5","=",5,1,0
"BLAP-1",2014/08/11,"23,5",273,"8,6","=",2,1,0
"BLAP-1",2014/08/20,"21,1",210,"8,3","=",7,1,0
"BLAP-1",2014/08/26,"22,8",245,"8,5","=",5,1,0
"BLAP-1",2014/09/10,"21,7",172,"8,3","=",11,1,0
"BLAP-1",2014/09/29,"18,6",131,"8,5","=",33,1,0
"BLAP-1",2014/06/18,"19,0",206,"8,0","=",360,0,25
"BLAP-1",2014/06/24,"19,7",227,"8,1","=",11,0,12
"BLAP-1",2014/07/15,"21,6",246,"8,4","=",23,0,12
"BLAP-1",2014/07/23,"23,1",241,"8,4","=",420,0,11
"BLAP-1",2014/10/08,"15,3",140,"8,0","=",50,0,21
"BLAP-1",2014/10/15,"14,9",124,"8,0","=",15,0,1
"BLAP-1",2014/06/04,"17,5",129,"7,8","=",100,-1,21
"BLAP-1",2014/07/09,"21,8",223,"8,1","=",18,-1,15
"BLAP-1",2014/07/29,"21,3",243,"8,4","=",10,-1,17
"BLAP-1",2014/09/01,"22,2",235,"8,4","=",18,-1,10
"BLAP-1",2014/09/22,"16,5",164,"8,2","=",20,-1,5
"BLAP-1",2014/09/15,"17,2",183,"8,3","=",31,-2,18
"BLAP-10.5",2014/08/19,"19,5",296,"8,1","=",16,1,0
"BLAP-10.5",2014/08/27,"22,2",322,"8,2","=",180,1,0
"BLAP-10.5",2014/09/09,"20,7",266,"8,2","=",34,1,0
"BLAP-10.5",2014/09/16,"17,1",285,"8,2","=",18,1,0
"BLAP-10.5",2014/10/01,"16,9",249,"8,5","=",13,1,0
"BLAP-10.5",2014/06/03,"17,4",201,"8,7","<",2,1,0
"BLAP-10.5",2014/06/11,"18,2",218,"8,3","=",13,1,0
"BLAP-10.5",2014/06/17,"18,2",243,"7,9","=",100,1,0
"BLAP-10.5",2014/06/23,"19,5",243,"8,0","=",8,1,0
"BLAP-10.5",2014/07/02,"21,8",319,"7,9","=",18,1,0
"BLAP-10.5",2014/07/21,"21,8",299,"8,3","=",18,1,0
"BLAP-10.5",2014/08/04,"22,1",319,"8,3","=",25,1,0
"BLAP-10.5",2014/08/13,"20,6",178,"7,8","=",1800,0,27
"BLAP-10.5",2014/10/07,"15,2",353,"7,8","=",33,0,2
"BLAP-10.5",2014/10/15,"15,2",222,"8,0","=",8,0,1
"BLAP-10.5",2014/09/24,"16,1",279,"8,2","=",11,-1,1
"BLAP-10.5",2014/07/08,"20,5",372,"7,9","=",50,-1,9
"BLAP-10.5",2014/07/16,"20,2",457,"7,8","=",64,-1,2
"BLAP-10.5",2014/09/02,"22,3",274,"8,2","=",18,-2,10
"BLAP-10.5",2014/07/30,"20,6",293,"8,2","=",31,-2,8
"BLAP-2.5",2014/06/09,"18,6",137,"8,1","=",63,1,0
"BLAP-2.5",2014/06/30,"22,5",232,"8,1","=",88,1,0
"BLAP-2.5",2014/08/05,"23,4",267,"8,7","=",31,1,0
"BLAP-2.5",2014/08/11,"24,6",261,"8,8","=",15,1,0
"BLAP-2.5",2014/08/20,"21,8",221,"8,5","=",33,1,0
"BLAP-2.5",2014/08/26,"24,2",227,"8,7","=",3,1,0
"BLAP-2.5",2014/09/10,"22,9",192,"8,5","=",21,1,0
"BLAP-2.5",2014/09/29,"18,3",163,"8,4","=",110,1,0
"BLAP-2.5",2014/06/18,"19,8",222,"8,0","=",400,0,25
"BLAP-2.5",2014/06/24,"19,8",228,"8,0","=",420,0,12
"BLAP-2.5",2014/07/15,"21,8",238,"8,4","=",36,0,12
"BLAP-2.5",2014/07/23,"23,6",231,"8,3","=",1500,0,11
"BLAP-2.5",2014/10/08,"15,5",180,"8,0","=",120,0,21
"BLAP-2.5",2014/10/15,"15,5",160,"7,9","=",44,0,1
"BLAP-2.5",2014/06/04,"18,1",153,"7,9","=",73,-1,21
"BLAP-2.5",2014/07/09,"22,8",230,"8,2","=",64,-1,15
"BLAP-2.5",2014/07/29,"22,2",238,"8,5","=",31,-1,17
"BLAP-2.5",2014/09/01,"22,9",224,"8,5","=",54,-1,10
"BLAP-2.5",2014/09/22,"16,6",187,"8,3","=",30,-1,5
"BLAP-2.5",2014/09/15,"17,9",217,"8,4","=",180,-2,18
"BLAP-2.8",2014/06/09,"18,7",238,"8,3","=",52,1,0
"BLAP-2.8",2014/06/30,"22,5",241,"8,3","=",450,1,0
"BLAP-2.8",2014/08/05,"23,6",276,"8,7","=",16,1,0
"BLAP-2.8",2014/08/11,"24,8",273,"8,8","=",20,1,0
"BLAP-2.8",2014/08/20,"22,4",235,"8,7","=",10,1,0
"BLAP-2.8",2014/08/26,"23,9",246,"9,8","=",28,1,0
"BLAP-2.8",2014/09/10,"22,5",205,"8,6","=",20,1,0
"BLAP-2.8",2014/09/29,"18,7",179,"8,7","=",11,1,0
"BLAP-2.8",2014/06/18,"19,8",217,"8,1",">",6000,0,25
"BLAP-2.8",2014/06/24,"19,8",231,"8,1","=",36,0,12
"BLAP-2.8",2014/07/15,"21,7",252,"8,4","=",16,0,12
"BLAP-2.8",2014/07/23,"23,5",247,"8,5","=",2100,0,11
"BLAP-2.8",2014/10/08,"15,8",188,"8,2","=",900,0,21
"BLAP-2.8",2014/10/15,"15,2",171,"8,0","=",40,0,1
"BLAP-2.8",2014/06/04,"17,8",152,"8,0","=",570,-1,21
"BLAP-2.8",2014/07/09,"22,5",241,"8,2","=",38,-1,15
"BLAP-2.8",2014/07/29,"21,9",252,"8,6","=",25,-1,17
"BLAP-2.8",2014/09/01,"22,8",246,"8,6","=",110,-1,10
"BLAP-2.8",2014/09/22,"16,8",203,"8,5","=",20,-1,5
"BLAP-2.8",2014/09/15,"18,1",219,"8,6","=",28,-2,18
"BLAP-3",2014/06/09,"18,9",139,"8,3","=",60,1,0
"BLAP-3",2014/06/30,"22,7",238,"8,2","=",570,1,0
"BLAP-3",2014/08/05,"23,4",278,"8,7","=",15,1,0
"BLAP-3",2014/08/11,"24,4",276,"8,8","=",20,1,0
"BLAP-3",2014/08/20,"22,1",240,"8,7","=",13,1,0
"BLAP-3",2014/08/26,"23,5",248,"8,8","=",13,1,0
"BLAP-3",2014/09/10,"22,3",211,"8,7","=",23,1,0
"BLAP-3",2014/09/29,"18,5",186,"8,6","=",13,1,0
"BLAP-3",2014/06/18,"19,8",226,"8,1",">",6000,0,25
"BLAP-3",2014/06/24,"19,9",232,"8,1","=",60,0,12
"BLAP-3",2014/07/15,"21,7",253,"8,4","=",30,0,12
"BLAP-3",2014/07/23,"23,3",250,"8,4","=",5400,0,11
"BLAP-3",2014/10/08,"15,8",196,"8,2","=",1100,0,21
"BLAP-3",2014/10/15,"15,3",181,"8,0","=",30,0,1
"BLAP-3",2014/06/04,"18,0",157,"8,0","=",700,-1,21
"BLAP-3",2014/07/09,"22,3",240,"8,2","=",40,-1,15
"BLAP-3",2014/07/29,"21,9",255,"8,6","=",36,-1,17
"BLAP-3",2014/09/01,"22,6",247,"8,6","=",180,-1,10
"BLAP-3",2014/09/22,"16,8",206,"8,6","=",20,-1,5
"BLAP-3",2014/09/15,"17,9",225,"8,6","=",21,-2,18
"BLAP-4",2014/06/09,"18,9",238,"8,4","=",180,1,0
"BLAP-4",2014/06/30,"22,6",238,"8,3","=",1300,1,0
"BLAP-4",2014/08/05,"23,5",275,"8,7","=",28,1,0
"BLAP-4",2014/08/11,"24,6",271,"8,8","=",18,1,0
"BLAP-4",2014/08/20,"22,1",234,"8,7","=",18,1,0
"BLAP-4",2014/08/26,"23,6",245,"8,8","=",5,1,0
"BLAP-4",2014/09/10,"22,3",213,"8,7","=",18,1,0
"BLAP-4",2014/09/29,"18,3",187,"8,6","=",26,1,0
"BLAP-4",2014/06/18,"19,7",224,"8,1",">",6000,0,25
"BLAP-4",2014/06/24,"19,9",232,"8,0","=",90,0,12
"BLAP-4",2014/07/15,"21,7",252,"8,4","=",40,0,12
"BLAP-4",2014/07/23,"2,4",242,"8,2",">",6000,0,11
"BLAP-4",2014/10/08,"15,8",198,"8,3","=",2800,0,21
"BLAP-4",2014/10/15,"15,4",180,"8,1","=",54,0,1
"BLAP-4",2014/06/04,"18,3",158,"8,0","=",1200,-1,21
"BLAP-4",2014/07/09,"22,4",239,"8,2","=",44,-1,15
"BLAP-4",2014/07/29,"22,0",251,"8,7","=",60,-1,17
"BLAP-4",2014/09/01,"22,6",242,"8,5","=",120,-1,10
"BLAP-4",2014/09/22,"16,7",205,"8,6","=",15,-1,5
"BLAP-4",2014/09/15,"17,7",225,"8,6","=",18,-2,18
"BLAP-4.5",2014/06/03,"17,2",244,"7,7","=",15,1,0
"BLAP-4.5",2014/06/11,"18,1",214,"8,0","=",240,1,0
"BLAP-4.5",2014/06/17,"18,3",219,"7,9","=",290,1,0
"BLAP-4.5",2014/06/23,"19,6",215,"8,0","=",360,1,0
"BLAP-4.5",2014/07/02,"22,3",241,"8,0","=",200,1,0
"BLAP-4.5",2014/07/21,"21,9",250,"8,2","=",30,1,0
"BLAP-4.5",2014/08/04,"22,4",265,"8,3","=",270,1,0
"BLAP-4.5",2014/08/19,"19,9",229,"8,1","=",210,1,0
"BLAP-4.5",2014/08/27,"22,5",254,"8,3","=",76,1,0
"BLAP-4.5",2014/09/09,"21,2",232,"8,2","=",30,1,0
"BLAP-4.5",2014/09/16,"16,9",210,"8,4","=",90,1,0
"BLAP-4.5",2014/10/01,"16,7",203,"8,3","=",5,1,0
"BLAP-4.5",2014/10/15,"15,0",186,"8,4","=",180,1,0
"BLAP-4.5",2014/08/13,"22,3",264,"8,3","=",52,0,27
"BLAP-4.5",2014/10/07,"14,7",170,"8,1","=",540,0,2
"BLAP-4.5",2014/07/08,"20,9",241,"8,1","=",74,-1,9
"BLAP-4.5",2014/07/16,"21,8",264,"8,3","=",58,-1,2
"BLAP-4.5",2014/09/24,"15,7",186,"8,3","=",21,-1,1
"BLAP-4.5",2014/07/30,"20,6",259,"8,2","=",30,-2,8
"BLAP-4.5",2014/09/02,"22,3",240,"8,2","=",46,-2,10
"BLAP-6",2014/06/03,"16,9",185,"8,0","=",8,1,0
"BLAP-6",2014/06/11,"18,2",212,"8,1","=",3,1,0
"BLAP-6",2014/06/17,"18,4",218,"8,0","=",23,1,0
"BLAP-6",2014/06/23,"19,8",218,"8,1","=",7,1,0
"BLAP-6",2014/07/02,"22,3",249,"8,2","=",13,1,0
"BLAP-6",2014/07/21,"22,0",252,"8,4","=",25,1,0
"BLAP-6",2014/08/04,"22,5",274,"8,4","=",16,1,0
"BLAP-6",2014/08/19,"20,1",230,"8,2","=",15,1,0
"BLAP-6",2014/08/27,"22,5",257,"8,4","=",30,1,0
"BLAP-6",2014/09/09,"21,4",235,"8,2","=",28,1,0
"BLAP-6",2014/09/16,"17,2",224,"8,2","=",26,1,0
"BLAP-6",2014/10/01,"17,0",213,"8,3","=",15,1,0
"BLAP-6",2014/08/13,"22,3",279,"8,3","=",23,0,27
"BLAP-6",2014/10/07,"15,0",186,"8,1","=",15,0,2
"BLAP-6",2014/10/15,"14,7",199,"8,0","=",7,0,1
"BLAP-6",2014/07/08,"21,0",247,"8,2","=",25,-1,9
"BLAP-6",2014/07/16,"21,1",263,"8,3","=",18,-1,2
"BLAP-6",2014/09/24,"16,0",208,"8,2","=",11,-1,1
"BLAP-6",2014/07/30,"20,9",263,"8,3","=",21,-2,8
"BLAP-6",2014/09/02,"22,3",244,"8,2","=",21,-2,10
"BLAP-7",2014/06/03,"16,5",236,"7,9","=",150,1,0
"BLAP-7",2014/06/11,"17,6",275,"8,0","=",27,1,0
"BLAP-7",2014/06/17,"17,7",316,"7,8","=",100,1,0
"BLAP-7",2014/06/23,"19,0",299,"7,9","=",27,1,0
"BLAP-7",2014/07/02,"21,7",302,"8,0","=",120,1,0
"BLAP-7",2014/07/21,"21,7",288,"8,2","=",58,1,0
"BLAP-7",2014/08/04,"22,2",302,"8,2","=",100,1,0
"BLAP-7",2014/08/19,"19,7",293,"8,1","=",62,1,0
"BLAP-7",2014/08/27,"22,3",324,"8,2","=",86,1,0
"BLAP-7",2014/09/09,"21,1",276,"8,1","=",33,1,0
"BLAP-7",2014/09/16,"17,2",258,"8,1","=",44,1,0
"BLAP-7",2014/10/01,"16,9",256,"8,2","=",31,1,0
"BLAP-7",2014/10/15,"14,9",255,"7,9","=",23,0,1
"BLAP-7",2014/08/13,"21,6",242,"8,1","=",1300,0,27
"BLAP-7",2014/10/07,"15,2",354,"7,8","=",200,0,2
"BLAP-7",2014/07/08,"20,4",293,"8,0","=",110,-1,9
"BLAP-7",2014/07/16,"20,7",335,"8,2","=",8,-1,2
"BLAP-7",2014/09/24,"14,0",261,"8,1","=",21,-1,1
"BLAP-7",2014/07/30,"20,5",315,"8,1","=",10,-2,8
"BLAP-7",2014/09/02,"22,1",279,"8,1","=",18,-2,10
"BLAP-8.5",2014/06/03,"16,8",196,"8,1","=",26,1,0
"BLAP-8.5",2014/06/11,"18,0",224,"8,2","<",10,1,0
"BLAP-8.5",2014/06/17,"18,3",226,"8,1","=",20,1,0
"BLAP-8.5",2014/06/23,"19,7",230,"8,1","=",5,1,0
"BLAP-8.5",2014/07/02,"22,1",259,"8,2","=",13,1,0
"BLAP-8.5",2014/07/21,"22,0",258,"8,5","=",3,1,0
"BLAP-8.5",2014/08/04,"22,5",279,"8,5","=",26,1,0
"BLAP-8.5",2014/08/19,"20,2",229,"8,3","=",13,1,0
"BLAP-8.5",2014/08/27,"22,6",191,"8,5","=",36,1,0
"BLAP-8.5",2014/09/09,"21,6",253,"8,3","=",23,1,0
"BLAP-8.5",2014/09/16,"17,4",248,"8,3","=",15,1,0
"BLAP-8.5",2014/10/01,"17,0",237,"8,4","=",8,1,0
"BLAP-8.5",2014/08/13,"22,2",287,"8,3","=",52,0,27
"BLAP-8.5",2014/10/07,"15,2",220,"8,1","=",40,0,2
"BLAP-8.5",2014/10/15,"15,0",225,"8,0","=",13,0,1
"BLAP-8.5",2014/07/08,"21,0",259,"8,2","=",23,-1,9
"BLAP-8.5",2014/07/16,"21,2",268,"8,4","=",13,-1,2
"BLAP-8.5",2014/09/24,"16,2",238,"8,3","=",10,-1,1
"BLAP-8.5",2014/07/30,"21,0",272,"8,4","=",11,-2,8
"BLAP-8.5",2014/09/02,"22,4",258,"8,3","=",18,-2,10
"BLAP-9",2014/06/03,"18,3",194,"8,8","=",18,1,0
"BLAP-9",2014/06/11,"19,1",222,"8,6","=",31,1,0
"BLAP-9",2014/06/17,"19,3",223,"8,1","=",46,1,0
"BLAP-9",2014/06/23,"20,7",230,"8,3","=",25,1,0
"BLAP-9",2014/07/02,"23,1",158,"8,6","=",20,1,0
"BLAP-9",2014/07/21,"22,0",259,"8,3","=",74,1,0
"BLAP-9",2014/08/04,"23,0",281,"8,5","=",26,1,0
"BLAP-9",2014/08/19,"20,6",242,"8,4","=",56,1,0
"BLAP-9",2014/08/27,"22,8",264,"8,5","=",390,1,0
"BLAP-9",2014/09/09,"21,4",183,"8,4","=",64,1,0
"BLAP-9",2014/09/16,"16,8",241,"8,2","=",40,1,0
"BLAP-9",2014/10/01,"16,4",230,"8,4","=",11,1,0
"BLAP-9",2014/08/13,"21,7",282,"7,9","=",55,0,27
"BLAP-9",2014/10/07,"14,9",207,"7,9","=",20,0,2
"BLAP-9",2014/10/15,"15,0",223,"8,0","=",20,0,1
"BLAP-9",2014/07/08,"21,8",255,"8,6","=",48,-1,9
"BLAP-9",2014/07/16,"22,5",270,"8,5","=",25,-1,2
"BLAP-9",2014/09/24,"15,9",226,"8,6","=",20,-1,1
"BLAP-9",2014/07/30,"21,1",271,"8,4","=",33,-2,8
"BLAP-9",2014/09/02,"22,3",254,"8,2","=",20,-2,10
"FSL-190",2014/06/03,"15,6",266,"8,2","=",5,1,0
"FSL-190",2014/06/11,"16,7",287,"8,4","<",2,1,0
"FSL-190",2014/06/17,"17,3",283,"8,2","=",18,1,0
"FSL-190",2014/06/23,"18,5",283,"8,2","=",5,1,0
"FSL-190",2014/07/02,"21,0",288,"8,3","=",11,1,0
"FSL-190",2014/07/21,"21,2",288,"8,5","=",2,1,0
"FSL-190",2014/08/04,"21,8",307,"8,5","=",10,1,0
"FSL-190",2014/08/19,"20,0",298,"8,4","=",10,1,0
"FSL-190",2014/08/27,"22,1",295,"8,5","=",7,1,0
"FSL-190",2014/09/09,"21,2",303,"8,4","=",5,1,0
"FSL-190",2014/09/16,"18,0",305,"8,3","=",3,1,0
"FSL-190",2014/10/01,"17,6",300,"8,5","=",7,1,0
"FSL-190",2014/08/13,"22,3",305,"8,4","=",120,0,29
"FSL-190",2014/10/07,"16,2",301,"8,2","=",7,0,2
"FSL-190",2014/10/15,"15,1",299,"8,0","=",25,0,1
"FSL-190",2014/07/08,"20,4",303,"8,3","=",2,-1,9
"FSL-190",2014/07/16,"20,4",300,"8,4","=",11,-1,2
"FSL-190",2014/09/24,"16,8",305,"8,4","=",20,-1,1
"FSL-190",2014/07/30,"20,7",301,"8,4","=",42,-2,8
"FSL-190",2014/09/02,"21,9",297,"8,4","=",31,-2,10
"FSL-200",2014/06/03,"18,8",178,"8,1","=",110,1,0
"FSL-200",2014/06/11,"19,2",230,"8,2","=",23,1,0
"FSL-200",2014/06/17,"20,1",226,"8,0","=",31,1,0
"FSL-200",2014/06/23,"20,2",243,"8,2","=",16,1,0
"FSL-200",2014/07/02,"22,9",258,"8,2","=",7,1,0
"FSL-200",2014/07/21,"22,3",268,"8,5","=",26,1,0
"FSL-200",2014/08/04,"22,8",285,"8,4","=",52,1,0
"FSL-200",2014/08/19,"20,7",272,"8,3","=",21,1,0
"FSL-200",2014/08/27,"22,7",266,"8,5","=",10,1,0
"FSL-200",2014/09/09,"22,1",270,"8,4","=",26,1,0
"FSL-200",2014/09/16,"17,9",261,"8,4","=",38,1,0
"FSL-200",2014/10/01,"17,6",238,"8,5","=",46,1,0
"FSL-200",2014/08/13,"22,9",288,"8,5","=",8,0,29
"FSL-200",2014/10/07,"15,8",241,"8,3","=",590,0,2
"FSL-200",2014/10/15,"15,3",227,"8,2","=",530,0,1
"FSL-200",2014/07/08,"21,4",275,"8,2","=",16,-1,9
"FSL-200",2014/07/16,"21,9",276,"8,4","=",11,-1,2
"FSL-200",2014/09/24,"16,5",258,"8,4","=",20,-1,1
"FSL-200",2014/07/30,"21,5",276,"8,4","=",84,-2,8
"FSL-200",2014/09/02,"22,3",268,"8,4","=",310,-2,10
"FSL-300",2014/06/03,"16,7",217,"8,1","=",12,1,0
"FSL-300",2014/06/11,"17,4",250,"8,2","=",3,1,0
"FSL-300",2014/06/17,"17,9",245,"8,1","=",25,1,0
"FSL-300",2014/06/23,"19,1",257,"8,2","=",21,1,0
"FSL-300",2014/07/02,"21,5",271,"8,2","=",25,1,0
"FSL-300",2014/07/21,"21,7",271,"8,4","=",2,1,0
"FSL-300",2014/08/04,"22,2",290,"8,4","=",15,1,0
"FSL-300",2014/08/19,"20,1",269,"8,3","=",16,1,0
"FSL-300",2014/08/27,"22,3",278,"8,4","=",43,1,0
"FSL-300",2014/09/09,"25,4",275,"8,3","=",20,1,0
"FSL-300",2014/09/16,"17,7",273,"8,3","=",16,1,0
"FSL-300",2014/10/01,"17,3",265,"8,4","=",5,1,0
"FSL-300",2014/08/13,"22,3",297,"8,4","=",1200,0,32
"FSL-300",2014/10/07,"15,6",259,"8,2","=",38,0,3
"FSL-300",2014/10/15,"15,1",264,"8,1","=",11,0,1
"FSL-300",2014/07/08,"20,5",277,"8,2","=",31,-1,9
"FSL-300",2014/07/16,"20,8",281,"8,5","=",10,-1,2
"FSL-300",2014/09/24,"16,5",276,"8,4","=",15,-1,1
"FSL-300",2014/07/30,"20,9",290,"8,4","=",10,-2,8
"FSL-300",2014/09/02,"22,2",275,"8,3","=",11,-2,10
"FSL-310",2014/06/03,"17,3",217,"8,1","=",9,1,0
"FSL-310",2014/06/11,"18,2",252,"8,4","=",8,1,0
"FSL-310",2014/06/17,"18,5",246,"8,2","=",9,1,0
"FSL-310",2014/06/23,"19,7",256,"8,3","=",18,1,0
"FSL-310",2014/07/02,"21,8",270,"8,3","=",55,1,0
"FSL-310",2014/07/21,"22,7",269,"8,6","=",2,1,0
"FSL-310",2014/08/04,"22,9",281,"8,5","=",13,1,0
"FSL-310",2014/08/19,"20,7",270,"8,4","=",10,1,0
"FSL-310",2014/08/27,"22,8",278,"8,5","=",48,1,0
"FSL-310",2014/09/09,"21,9",273,"8,4","=",42,1,0
"FSL-310",2014/09/16,"18,4",273,"8,4","=",20,1,0
"FSL-310",2014/10/01,"17,5",257,"8,4","=",18,1,0
"FSL-310",2014/08/13,"22,3",296,"8,4","=",54,0,32
"FSL-310",2014/10/07,"15,7",260,"8,3","=",38,0,3
"FSL-310",2014/10/15,"15,2",265,"8,2","=",13,0,1
"FSL-310",2014/07/08,"21,2",277,"8,4","=",31,-1,9
"FSL-310",2014/07/16,"21,3",281,"8,4","=",5,-1,2
"FSL-310",2014/09/24,"16,8",290,"8,4","=",10,-1,1
"FSL-310",2014/07/30,"21,8",289,"8,5","=",150,-2,8
"FSL-310",2014/09/02,"22,5",274,"8,4","=",26,-2,10
"FSL-330",2014/06/03,"17,1",218,"8,2","=",8,1,0
"FSL-330",2014/06/11,"18,0",251,"8,6","=",3,1,0
"FSL-330",2014/06/17,"18,5",249,"8,1","=",18,1,0
"FSL-330",2014/06/23,"20,4",257,"8,4","=",25,1,0
"FSL-330",2014/07/02,"22,5",270,"8,8","=",55,1,0
"FSL-330",2014/07/21,"23,5",168,"8,8","=",26,1,0
"FSL-330",2014/08/04,"24,1",290,"8,8","=",7,1,0
"FSL-330",2014/08/19,"21,4",278,"8,6","=",70,1,0
"FSL-330",2014/08/27,"23,0",279,"8,7","=",78,1,0
"FSL-330",2014/09/09,"22,5",263,"8,6","=",82,1,0
"FSL-330",2014/09/16,"18,4",271,"8,7","=",15,1,0
"FSL-330",2014/10/01,"17,5",265,"8,7","=",20,1,0
"FSL-330",2014/08/13,"22,4",302,"8,5","=",250,0,32
"FSL-330",2014/10/07,"15,7",268,"8,3","=",40,0,3
"FSL-330",2014/10/15,"15,2",271,"8,2","=",10,0,1
"FSL-330",2014/07/08,"22,9",279,"8,9","=",44,-1,9
"FSL-330",2014/07/16,"22,7",281,"8,7","=",21,-1,2
"FSL-330",2014/09/24,"17,3",2833,"8,6","=",440,-1,1
"FSL-330",2014/07/30,"22,3",286,"8,8","=",16,-2,8
"FSL-330",2014/09/02,"22,6",277,"8,6","=",38,-2,10
"FSL-340",2014/07/21,"22,1",272,"8,5","=",23,1,0
"FSL-340",2014/08/04,"22,5",292,"8,5","=",21,1,0
"FSL-340",2014/08/19,"20,4",280,"8,4","=",20,1,0
"FSL-340",2014/08/27,"22,6",281,"8,5","=",26,1,0
"FSL-340",2014/09/09,"21,7",277,"8,5","=",11,1,0
"FSL-340",2014/09/16,"18,0",276,"8,4","=",16,1,0
"FSL-340",2014/10/01,"17,4",266,"8,5","=",10,1,0
"FSL-340",2014/06/11,"18,4",258,"8,7","=",3,1,0
"FSL-340",2014/06/17,"19,4",263,"8,3","=",46,1,0
"FSL-340",2014/06/23,"20,2",259,"8,4","=",11,1,0
"FSL-340",2014/07/02,"21,9",272,"8,2","=",36,1,0
"FSL-340",2014/08/13,"22,4",301,"8,4","=",320,0,32
"FSL-340",2014/10/07,"15,7",267,"8,3","=",50,0,3
"FSL-340",2014/10/15,"15,1",268,"8,2","=",20,0,1
"FSL-340",2014/06/03,"17,4",221,"8,3","=",5,0,18
"FSL-340",2014/07/16,"21,1",284,"8,4","=",13,-1,2
"FSL-340",2014/09/24,"16,7",280,"8,5","=",540,-1,1
"FSL-340",2014/07/08,"20,9",282,"8,3","=",46,-1,9
"FSL-340",2014/07/30,"21,3",324,"8,2","=",16,-2,8
"FSL-340",2014/09/02,"22,3",280,"8,4","=",60,-2,10
"FSL-360",2014/06/11,"18,3",263,"8,4","=",120,1,0
"FSL-360",2014/06/17,"19,7",257,"8,5","=",110,1,0
"FSL-360",2014/06/23,"20,7",261,"8,3","=",33,1,0
"FSL-360",2014/07/02,"22,3",276,"8,3","=",74,1,0
"FSL-360",2014/07/21,"23,4",274,"8,4","=",110,1,0
"FSL-360",2014/08/04,"22,9",296,"8,5","=",1200,1,0
"FSL-360",2014/08/19,"20,9",291,"8,5","=",23,1,0
"FSL-360",2014/08/27,"23,0",284,"8,5","=",350,1,0
"FSL-360",2014/09/09,"22,0",279,"8,6","=",220,1,0
"FSL-360",2014/09/16,"18,1",278,"8,5","=",120,1,0
"FSL-360",2014/10/01,"17,4",270,"8,5","=",290,1,0
"FSL-360",2014/06/03,"19,4",223,"8,4","=",33,0,18
"FSL-360",2014/08/13,"22,3",298,"8,4","=",140,0,32
"FSL-360",2014/10/07,"15,8",274,"8,2","=",1900,0,3
"FSL-360",2014/10/15,"15,2",277,"8,1","=",260,0,1
"FSL-360",2014/07/08,"21,4",289,"8,3","=",130,-1,9
"FSL-360",2014/07/16,"21,5",285,"8,5","=",50,-1,2
"FSL-360",2014/09/24,"17,0",275,"8,5","=",60,-1,1
"FSL-360",2014/07/30,"21,7",340,"8,6","=",230,-2,8
"FSL-360",2014/09/02,"22,4",284,"8,4","=",200,-2,10
"FSL-380",2014/06/11,"19,1",157,"8,4","=",60,1,0
"FSL-380",2014/06/17,"19,7",261,"8,0","=",55,1,0
"FSL-380",2014/06/23,"22,4",271,"7,9","=",52,1,0
"FSL-380",2014/07/02,"22,2",272,"8,4","=",46,1,0
"FSL-380",2014/07/21,"23,2",279,"8,4","=",46,1,0
"FSL-380",2014/08/04,"23,6",297,"8,5","=",30,1,0
"FSL-380",2014/08/19,"22,1",293,"8,7","=",11,1,0
"FSL-380",2014/08/27,"23,9",279,"8,7","=",40,1,0
"FSL-380",2014/09/09,"22,1",283,"8,7","=",250,1,0
"FSL-380",2014/09/16,"18,2",286,"8,5","=",2100,1,0
"FSL-380",2014/10/01,"17,4",264,"8,6","=",2300,1,0
"FSL-380",2014/06/03,"19,4",226,"8,4","=",46,0,18
"FSL-380",2014/08/13,"22,2",299,"8,4","=",120,0,32
"FSL-380",2014/10/07,"15,8",324,"8,0","=",22000,0,3
"FSL-380",2014/10/15,"15,8",284,"7,9","=",54,0,1
"FSL-380",2014/07/08,"21,4",289,"8,5","=",64,-1,9
"FSL-380",2014/07/16,"21,9",290,"8,4","=",570,-1,2
"FSL-380",2014/09/24,"17,5",269,"8,8","=",10,-1,1
"FSL-380",2014/07/30,"21,8",305,"8,7","=",66,-2,8
"FSL-380",2014/09/02,"22,5",288,"8,3","=",800,-2,10
"FSL-400",2014/06/11,"19,7",266,"8,7","=",600,1,0
"FSL-400",2014/06/17,"19,6",265,"8,1","=",1700,1,0
"FSL-400",2014/06/23,"21,6",274,"8,3","=",300,1,0
"FSL-400",2014/07/02,"22,9",285,"8,3","=",500,1,0
"FSL-400",2014/07/21,"24,2",276,"8,7","=",600,1,0
"FSL-400",2014/08/04,"25,2",291,"8,8","=",390,1,0
"FSL-400",2014/08/19,"22,5",297,"8,8","=",110,1,0
"FSL-400",2014/08/27,"24,3",283,"8,9","=",270,1,0
"FSL-400",2014/09/09,"23,6",291,"9,0","=",160,1,0
"FSL-400",2014/09/16,"19,5",283,"8,9","=",1500,1,0
"FSL-400",2014/10/01,"17,9",261,"9,0","=",200,1,0
"FSL-400",2014/06/03,"18,3",228,"8,2","=",300,0,18
"FSL-400",2014/08/13,"22,1",362,"8,2","=",5800,0,32
"FSL-400",2014/10/07,"16,8",309,"8,2","=",800,0,3
"FSL-400",2014/10/15,"16,4",296,"8,2","=",270,0,1
"FSL-400",2014/07/08,"23,2",278,"8,6","=",3900,-1,9
"FSL-400",2014/07/16,"23,0",288,"8,5","=",480,-1,2
"FSL-400",2014/09/24,"18,2",271,"9,0","=",72,-1,1
"FSL-400",2014/07/30,"23,5",329,"8,8","=",280,-2,8
"FSL-400",2014/09/02,"23,4",301,"8,7","=",260,-2,10
"FSL-425",2014/06/11,"19,8",256,"8,6","=",100,1,0
"FSL-425",2014/06/17,"19,7",258,"8,1","=",800,1,0
"FSL-425",2014/06/23,"21,4",260,"8,2","=",260,1,0
"FSL-425",2014/07/02,"23,1",275,"8,5","=",330,1,0
"FSL-425",2014/07/21,"23,7",274,"8,6","=",120,1,0
"FSL-425",2014/08/04,"23,9",292,"8,8","=",480,1,0
"FSL-425",2014/08/19,"22,1",293,"8,9","=",76,1,0
"FSL-425",2014/08/27,"23,9",282,"8,9","=",180,1,0
"FSL-425",2014/09/09,"22,4",282,"8,8","=",320,1,0
"FSL-425",2014/09/16,"18,7",279,"8,8","=",1200,1,0
"FSL-425",2014/10/01,"17,5",263,"8,8","=",260,1,0
"FSL-425",2014/06/03,"18,2",223,"8,1","=",100,0,18
"FSL-425",2014/08/13,"22,3",299,"8,5","=",4600,0,32
"FSL-425",2014/10/07,"15,7",276,"8,3","=",900,0,3
"FSL-425",2014/10/15,"15,8",281,"8,5","=",440,0,1
"FSL-425",2014/07/08,"22,1",290,"8,5","=",1400,-1,9
"FSL-425",2014/07/16,"21,4",285,"8,4","=",280,-1,2
"FSL-425",2014/09/24,"17,3",268,"8,8","=",98,-1,1
"FSL-425",2014/07/30,"22,3",331,"8,7","=",250,-2,8
"FSL-425",2014/09/02,"22,9",285,"8,6","=",340,-2,10
"FSL-430",2014/06/11,"19,2",254,"8,6","=",73,1,0
"FSL-430",2014/06/17,"19,4",259,"8,0","=",600,1,0
"FSL-430",2014/06/23,"21,6",262,"8,0","=",300,1,0
"FSL-430",2014/07/02,"23,7",274,"8,2","=",200,1,0
"FSL-430",2014/07/21,"24,3",279,"8,2","=",100,1,0
"FSL-430",2014/08/04,"25,3",296,"8,6","=",1200,1,0
"FSL-430",2014/08/19,"22,3",287,"8,8","=",350,1,0
"FSL-430",2014/08/27,"24,0",278,"8,8","=",140,1,0
"FSL-430",2014/09/09,"23,1",288,"8,9","=",150,1,0
"FSL-430",2014/09/16,"19,5",279,"8,9","=",210,1,0
"FSL-430",2014/10/01,"17,5",260,"8,8","=",100,1,0
"FSL-430",2014/06/03,"18,2",222,"8,2","=",160,0,20
"FSL-430",2014/08/13,"22,1",301,"8,1","=",2400,0,32
"FSL-430",2014/10/07,"15,1",278,"8,2","=",200,0,3
"FSL-430",2014/10/15,"15,8",283,"8,1","=",120,0,1
"FSL-430",2014/07/08,"22,6",289,"8,2","=",1400,-1,9
"FSL-430",2014/07/16,"22,9",286,"8,4","=",300,-1,2
"FSL-430",2014/09/24,"17,7",217,"8,9","=",45,-1,1
"FSL-430",2014/07/30,"23,3",304,"8,4","=",200,-2,8
"FSL-430",2014/09/02,"23,3",279,"8,6","=",130,-2,10
"FSL-460",2014/06/11,"19,1",256,"8,7","=",240,1,0
"FSL-460",2014/06/17,"20,6",256,"8,2","=",290,1,0
"FSL-460",2014/06/23,"21,0",262,"8,2","=",360,1,0
"FSL-460",2014/07/02,"22,7",275,"8,5","=",1300,1,0
"FSL-460",2014/07/21,"23,2",256,"8,7","=",500,1,0
"FSL-460",2014/08/04,"23,5",300,"8,6",">",6000,1,0
"FSL-460",2014/08/19,"21,7",298,"8,7","=",1500,1,0
"FSL-460",2014/08/27,"23,3",285,"8,7","=",8000,1,0
"FSL-460",2014/09/09,"22,2",285,"8,7","=",3400,1,0
"FSL-460",2014/09/16,"18,1",274,"8,8","=",4000,1,0
"FSL-460",2014/10/01,"17,8",263,"8,7","=",290,1,0
"FSL-460",2014/06/03,"20,8",221,"8,9","=",180,0,20
"FSL-460",2014/08/13,"22,1",293,"8,4","=",3100,0,32
"FSL-460",2014/10/07,"15,7",273,"8,3","=",4100,0,3
"FSL-460",2014/10/15,"15,7",276,"8,1","=",370,0,1
"FSL-460",2014/07/08,"22,1",288,"8,5","=",1000,-1,9
"FSL-460",2014/07/16,"21,8",286,"8,5","=",1100,-1,2
"FSL-460",2014/09/24,"17,3",254,"8,8","=",2100,-1,1
"FSL-460",2014/07/30,"22,3",326,"8,7","=",3100,-2,8
"FSL-460",2014/09/02,"22,9",289,"8,6","=",2000,-2,10
"FSL-480",2014/06/11,"19,6",258,"8,4","=",150,1,0
"FSL-480",2014/06/17,"19,4",256,"8,3","=",300,1,0
"FSL-480",2014/06/23,"20,2",259,"8,2","=",130,1,0
"FSL-480",2014/07/02,"22,3",272,"8,4","=",300,1,0
"FSL-480",2014/07/21,"23,0",276,"8,6","=",420,1,0
"FSL-480",2014/08/04,"23,7",284,"8,7","=",380,1,0
"FSL-480",2014/08/19,"21,4",301,"8,6","=",76,1,0
"FSL-480",2014/08/27,"23,2",286,"8,7","=",220,1,0
"FSL-480",2014/09/09,"22,2",279,"8,6","=",340,1,0
"FSL-480",2014/09/16,"19,0",303,"8,7","=",160,1,0
"FSL-480",2014/10/01,"17,8",273,"8,7","=",420,1,0
"FSL-480",2014/06/03,"18,9",221,"8,2","=",250,0,20
"FSL-480",2014/08/13,"22,2",319,"8,4","=",2000,0,32
"FSL-480",2014/10/07,"15,8",26,"8,5","=",570,0,3
"FSL-480",2014/10/15,"15,7",284,"8,1","=",180,0,1
"FSL-480",2014/07/08,"21,4",291,"8,3","=",1100,-1,9
"FSL-480",2014/07/16,"21,9",284,"8,5","=",250,-1,2
"FSL-480",2014/09/24,"17,3",278,"8,6","=",110,-1,1
"FSL-480",2014/07/30,"21,8",349,"8,6","=",220,-2,8
"FSL-480",2014/09/02,"23,6",292,"8,7","=",500,-2,10
"FSL-490",2014/07/21,"23,0",207,"8,5","=",73,1,0
"FSL-490",2014/08/04,"22,9",292,"8,6","=",160,1,0
"FSL-490",2014/08/19,"20,9",286,"8,6","=",84,1,0
"FSL-490",2014/08/27,"22,9",272,"8,6","=",200,1,0
"FSL-490",2014/09/09,"22,3",278,"8,6","=",250,1,0
"FSL-490",2014/09/16,"18,2",277,"8,6","=",230,1,0
"FSL-490",2014/10/01,"17,6",262,"8,6","=",72,1,0
"FSL-490",2014/06/11,"18,4",254,"8,3","=",100,1,0
"FSL-490",2014/06/17,"18,7",254,"8,1","=",200,1,0
"FSL-490",2014/06/23,"20,1",258,"8,2","=",72,1,0
"FSL-490",2014/07/02,"22,3",271,"8,3","=",210,1,0
"FSL-490",2014/08/13,"22,3",299,"8,4","=",2500,0,32
"FSL-490",2014/10/07,"15,6",269,"8,4","=",900,0,3
"FSL-490",2014/10/15,"15,4",268,"8,2","=",170,0,1
"FSL-490",2014/06/03,"17,3",217,"8,1","=",78,0,20
"FSL-490",2014/07/08,"21,4",285,"8,3","=",330,-1,9
"FSL-490",2014/07/16,"21,8",284,"8,4","=",300,-1,2
"FSL-490",2014/09/24,"17,0",270,"8,6","=",110,-1,1
"FSL-490",2014/07/30,"21,7",346,"8,5","=",220,-2,8
"FSL-490",2014/09/02,"22,7",282,"8,5","=",90,-2,10
"FSL-500",2014/06/11,"18,2",231,"8,2","=",300,1,0
"FSL-500",2014/06/17,"18,6",252,"8,1","=",90,1,0
"FSL-500",2014/06/23,"20,1",266,"8,1","=",270,1,0
"FSL-500",2014/07/02,"22,3",273,"8,1","=",150,1,0
"FSL-500",2014/07/21,"24,1",241,"8,4","=",300,1,0
"FSL-500",2014/08/04,"26,2",290,"8,3","=",110,1,0
"FSL-500",2014/08/19,"22,4",248,"8,3","=",800,1,0
"FSL-500",2014/08/27,"23,8",282,"8,4","=",360,1,0
"FSL-500",2014/09/09,"22,4",277,"8,6","=",73,1,0
"FSL-500",2014/09/16,"18,1",276,"8,6","=",82,1,0
"FSL-500",2014/10/01,"17,8",263,"8,6","=",3200,1,0
"FSL-500",2014/06/03,"17,4",221,"8,0","=",44,0,20
"FSL-500",2014/08/13,"22,2",281,"8,1","=",2900,0,32
"FSL-500",2014/10/07,"15,6",248,"8,3","=",200,0,3
"FSL-500",2014/10/15,"15,8",281,"8,0","=",120,0,1
"FSL-500",2014/07/08,"24,8",294,"7,7","=",200,-1,9
"FSL-500",2014/07/16,"22,4",284,"8,3","=",700,-1,2
"FSL-500",2014/09/24,"17,2",269,"8,6","=",64,-1,1
"FSL-500",2014/07/30,"23,2",326,"8,3","=",120,-2,8
"FSL-500",2014/09/02,"22,9",282,"8,5","=",92,-2,10
"IBIZ-11.5",2014/07/03,"23,3",193,"8,2","=",42,1,0
"IBIZ-11.5",2014/08/21,"22,1",130,"8,6","=",40,1,0
"IBIZ-11.5",2014/08/28,"22,3",120,"8,6","=",30,1,0
"IBIZ-11.5",2014/10/02,"14,8",108,"8,1","=",58,1,0
"IBIZ-11.5",2014/06/12,"18,1",130,"7,7","=",900,0,28
"IBIZ-11.5",2014/07/31,"23,8",112,"8,8","=",8,0,6
"IBIZ-11.5",2014/08/07,"25,0",124,"8,8","=",25,0,4
"IBIZ-11.5",2014/09/11,"20,5",148,"7,9","=",220,0,5
"IBIZ-11.5",2014/09/18,"14,6",141,"8,1","=",100,0,2
"IBIZ-11.5",2014/10/16,"15,1",114,"7,6","=",260,0,9
"IBIZ-11.5",2014/06/19,"20,0",230,"7,8","=",110,-1,25
"IBIZ-11.5",2014/07/24,"24,0",108,"8,6","=",39,-1,11
"IBIZ-11.5",2014/08/14,"19,4",132,"8,2","=",400,-1,44
"IBIZ-11.5",2014/10/09,"11,8",104,"7,8","=",230,-1,22
"IBIZ-11.5",2014/06/05,"17,6",143,"7,7","=",43,-2,21
"IBIZ-11.5",2014/06/26,"20,8",179,"7,8","=",330,-2,44
"IBIZ-11.5",2014/07/10,"22,4",198,"8,5","=",98,-2,6
"IBIZ-11.5",2014/07/17,"21,7",181,"8,7","=",100,-2,2
"IBIZ-11.5",2014/09/04,"23,5",179,"8,6","=",50,-2,3
"IBIZ-11.5",2014/09/25,"16,3",109,"8,1","=",200,-2,1
"IBIZ-13",2014/07/03,"23,2",132,"7,9","=",25,1,0
"IBIZ-13",2014/08/21,"21,7",95,"7,9","=",240,1,0
"IBIZ-13",2014/08/28,"22,6",97,"8,4","=",110,1,0
"IBIZ-13",2014/10/02,"16,7",82,"9,3","=",3,1,0
"IBIZ-13",2014/06/12,"18,0",78,"7,7","=",100,0,29
"IBIZ-13",2014/07/31,"23,4",100,"8,4","=",100,0,6
"IBIZ-13",2014/08/07,"24,1",98,"8,4","=",42,0,4
"IBIZ-13",2014/09/11,"21,3",96,"7,9","=",310,0,5
"IBIZ-13",2014/09/18,"17,9",97,"8,0","=",8,0,2
"IBIZ-13",2014/10/16,"14,4",86,"7,7","=",42,0,9
"IBIZ-13",2014/06/19,"20,8",109,"8,0","=",21,-1,25
"IBIZ-13",2014/07/24,"23,6",102,"8,3","=",30,-1,11
"IBIZ-13",2014/08/14,"20,4",91,"8,2","=",150,-1,44
"IBIZ-13",2014/10/09,"13,8",83,"7,8","=",90,-1,22
"IBIZ-13",2014/06/05,"17,0",74,"7,9","<",2,-2,21
"IBIZ-13",2014/06/26,"21,0",89,"7,8","=",78,-2,44
"IBIZ-13",2014/07/10,"22,6",110,"8,2","=",15,-2,6
"IBIZ-13",2014/07/17,"22,6",108,"8,6","=",34,-2,2
"IBIZ-13",2014/09/04,"23,3",104,"8,8","=",16,-2,3
"IBIZ-13",2014/09/25,"16,8",86,"8,1","=",16,-2,1
"IBIZ-14",2014/07/03,"23,8",127,"7,9","=",25,1,0
"IBIZ-14",2014/08/21,"21,7",92,"7,6","=",84,1,0
"IBIZ-14",2014/08/28,"22,7",97,"7,7","=",52,1,0
"IBIZ-14",2014/10/02,"16,7",83,"8,4","=",23,1,0
"IBIZ-14",2014/06/12,"17,9",77,"7,5","=",7,0,29
"IBIZ-14",2014/07/31,"23,3",100,"8,0","=",15,0,6
"IBIZ-14",2014/08/07,"23,7",97,"8,2","=",5,0,4
"IBIZ-14",2014/09/11,"21,1",93,"7,9","=",13,0,5
"IBIZ-14",2014/09/18,"17,3",97,"8,1","=",10,0,2
"IBIZ-14",2014/10/16,"15,1",86,"7,7","=",13,0,9
"IBIZ-14",2014/06/19,"20,2",100,"7,6","=",13,-1,25
"IBIZ-14",2014/07/24,"23,8",102,"7,8","=",64,-1,11
"IBIZ-14",2014/08/14,"21,3",88,"7,9","=",40,-1,44
"IBIZ-14",2014/10/09,"13,8",82,"7,8","=",30,-1,22
"IBIZ-14",2014/06/05,"17,4",77,"7,7","=",7,-2,21
"IBIZ-14",2014/06/26,"23,3",104,"7,7","=",36,-2,44
"IBIZ-14",2014/07/10,"22,8",111,"8,0","=",5,-2,6
"IBIZ-14",2014/07/17,"22,5",113,"7,7","=",21,-2,2
"IBIZ-14",2014/09/04,"23,5",99,"8,2","=",26,-2,3
"IBIZ-14",2014/09/25,"16,6",90,"7,9","=",25,-2,1
"IBIZ-15",2014/07/03,"23,4",123,"8,1","=",18,1,0
"IBIZ-15",2014/08/21,"21,6",94,"7,9","=",30,1,0
"IBIZ-15",2014/08/28,"23,2",96,"8,0","=",58,1,0
"IBIZ-15",2014/10/02,"17,7",81,"8,5","=",13,1,0
"IBIZ-15",2014/06/12,"17,9",87,"7,6","=",100,0,29
"IBIZ-15",2014/07/31,"23,5",97,"8,2","=",36,0,11
"IBIZ-15",2014/08/07,"24,7",96,"8,3","=",16,0,4
"IBIZ-15",2014/09/11,"21,6",95,"7,9","=",25,0,5
"IBIZ-15",2014/09/18,"18,4",98,"8,1","=",64,0,2
"IBIZ-15",2014/10/16,"14,6",88,"7,6","=",11,0,9
"IBIZ-15",2014/06/19,"20,8",114,"7,6","=",40,-1,25
"IBIZ-15",2014/07/24,"23,9",101,"8,1","=",68,-1,11
"IBIZ-15",2014/08/14,"21,6",91,"7,9","=",110,-1,44
"IBIZ-15",2014/10/09,"14,3",84,"7,8","=",54,-1,22
"IBIZ-15",2014/06/05,"17,2",82,"7,8","=",72,-2,21
"IBIZ-15",2014/06/26,"21,6",101,"7,7","=",1100,-2,44
"IBIZ-15",2014/07/10,"23,1",115,"8,1","=",36,-2,6
"IBIZ-15",2014/07/17,"23,2",117,"8,3","=",15,-2,2
"IBIZ-15",2014/09/04,"23,9",101,"8,4","=",36,-2,3
"IBIZ-15",2014/09/25,"17,1",90,"8,0","=",13,-2,1
"IBIZ-2",2014/07/03,"23,4",127,"7,8","=",24,1,0
"IBIZ-2",2014/07/31,"22,7",87,"8,2","=",460,1,0
"IBIZ-2",2014/08/21,"21,5",87,"7,9","=",10,1,0
"IBIZ-2",2014/08/28,"22,5",94,"8,1","=",74,1,0
"IBIZ-2",2014/10/02,"16,1",82,"8,0","=",21,1,0
"IBIZ-2",2014/06/12,"18,0",77,"7,6","=",150,0,28
"IBIZ-2",2014/08/07,"23,5",93,"8,2","=",120,0,4
"IBIZ-2",2014/09/11,"21,4",94,"8,0","=",130,0,5
"IBIZ-2",2014/09/18,"18,0",96,"8,0","=",20,0,2
"IBIZ-2",2014/10/16,"14,4",87,"7,7","=",20,0,8
"IBIZ-2",2014/06/19,"20,7",105,"7,8","=",28,-1,25
"IBIZ-2",2014/07/24,"22,9",102,"8,1",">",6000,-1,11
"IBIZ-2",2014/08/14,"21,5",87,"7,9","=",260,-1,44
"IBIZ-2",2014/10/09,"14,3",83,"7,8","=",100,-1,22
"IBIZ-2",2014/06/05,"17,0",77,"7,6","=",140,-2,21
"IBIZ-2",2014/06/26,"20,9",98,"7,7","=",310,-2,44
"IBIZ-2",2014/07/10,"22,5",112,"7,9","=",64,-2,6
"IBIZ-2",2014/07/17,"23,0",109,"8,2","=",200,-2,2
"IBIZ-2",2014/09/04,"23,0",94,"8,2","=",52,-2,3
"IBIZ-2",2014/09/25,"16,3",90,"8,0","=",28,-2,1
"IBIZ-4",2014/07/03,"23,3",125,"7,8","=",7,1,0
"IBIZ-4",2014/07/31,"22,4",99,"7,9","=",2,1,0
"IBIZ-4",2014/08/21,"21,6",86,"7,7","=",8,1,0
"IBIZ-4",2014/08/28,"22,1",94,"7,9","=",16,1,0
"IBIZ-4",2014/10/02,"15,8",83,"8,0","=",20,1,0
"IBIZ-4",2014/06/12,,,,,,0,28
"IBIZ-4",2014/08/07,"23,0",92,"7,8","=",30,0,4
"IBIZ-4",2014/09/11,"21,7",94,"7,8","=",30,0,5
"IBIZ-4",2014/09/18,"17,6",97,"8,0","=",10,0,2
"IBIZ-4",2014/10/16,"14,3",86,"7,6","=",30,0,8
"IBIZ-4",2014/06/19,,,,,,-1,25
"IBIZ-4",2014/07/24,"23,0",100,"7,9","=",18,-1,11
"IBIZ-4",2014/08/14,"21,6",89,"7,8","=",33,-1,44
"IBIZ-4",2014/10/09,"14,2",115,"7,8","=",23,-1,22
"IBIZ-4",2014/06/05,,,,,,-2,21
"IBIZ-4",2014/06/26,,,,,,-2,44
"IBIZ-4",2014/07/10,"21,8",111,"7,9","=",11,-2,6
"IBIZ-4",2014/07/17,"21,9",108,"7,8","=",5,-2,2
"IBIZ-4",2014/09/04,"22,3",99,"7,9","=",5,-2,3
"IBIZ-4",2014/09/25,"16,1",89,"8,0","=",20,-2,1
"IBIZ-7",2014/07/03,"23,5",129,"7,8","=",26,1,
"IBIZ-7",2014/07/31,"23,1",100,"8,2","=",11,1,0
"IBIZ-7",2014/08/21,"21,8",78,"8,0","=",60,1,0
"IBIZ-7",2014/08/28,"22,3",90,"8,1","=",150,1,0
"IBIZ-7",2014/10/02,"16,1",82,"8,1","=",38,1,0
"IBIZ-7",2014/06/12,"17,9",78,"7,7","=",78,0,28
"IBIZ-7",2014/08/07,"23,4",92,"8,1","=",16,0,4
"IBIZ-7",2014/09/11,"22,3",94,"7,9","=",550,0,5
"IBIZ-7",2014/09/18,"17,4",88,"8,1","=",86,0,2
"IBIZ-7",2014/10/16,"14,5",87,"7,6","=",44,0,8
"IBIZ-7",2014/06/19,"20,4",100,"7,9","=",110,-1,25
"IBIZ-7",2014/07/24,"23,6",100,"8,1","=",27,-1,11
"IBIZ-7",2014/08/14,"21,3",89,"8,0","=",39,-1,44
"IBIZ-7",2014/10/09,"14,0",82,"7,9","=",44,-1,22
"IBIZ-7",2014/06/05,"17,0",79,"7,8","=",18,-2,21
"IBIZ-7",2014/06/26,"21,2",98,"7,7","=",100,-2,44
"IBIZ-7",2014/07/10,"22,4",110,"8,0","=",20,-2,6
"IBIZ-7",2014/07/17,"22,0",109,"8,0","=",11,-2,2
"IBIZ-7",2014/09/04,"22,9",91,"8,1","=",96,-2,3
"IBIZ-7",2014/09/25,"17,1",90,"8,0","=",520,-2,1
"IBIZ-8.5",2014/07/03,"23,7",137,"8,1","=",64,1,0
"IBIZ-8.5",2014/08/21,"22,0",96,"8,7","=",30,1,0
"IBIZ-8.5",2014/08/28,"22,6",103,"8,9","=",11,1,0
"IBIZ-8.5",2014/10/02,"15,1",92,"8,1","=",25,1,0
"IBIZ-8.5",2014/06/12,"18,2",81,"7,6","=",8,0,28
"IBIZ-8.5",2014/07/31,"23,1",109,"8,7","=",8,0,6
"IBIZ-8.5",2014/08/07,"23,4",100,"8,6","=",8,0,4
"IBIZ-8.5",2014/09/11,"21,0",103,"7,9","=",41,0,5
"IBIZ-8.5",2014/09/18,"16,2",107,"8,3","=",23,0,2
"IBIZ-8.5",2014/10/16,"15,2",100,"7,6","=",44,0,9
"IBIZ-8.5",2014/06/19,"20,7",105,"7,8","=",31,-1,25
"IBIZ-8.5",2014/07/24,"23,6",107,"8,9","=",31,-1,11
"IBIZ-8.5",2014/08/14,"19,2",124,"8,3","=",160,-1,44
"IBIZ-8.5",2014/10/09,"12,9",196,"7,7","=",150,-1,22
"IBIZ-8.5",2014/06/05,"17,7",94,"7,9","=",18,-2,21
"IBIZ-8.5",2014/06/26,"22,4",108,"7,9","=",92,-2,44
"IBIZ-8.5",2014/07/10,"22,1",131,"8,7","=",33,-2,6
"IBIZ-8.5",2014/07/17,"21,9",131,"8,8","=",45,-2,2
"IBIZ-8.5",2014/09/04,"22,7",110,"8,9","=",20,-2,3
"IBIZ-8.5",2014/09/25,"16,4",98,"8,1","=",60,-2,1
"LSL-0.5",2014/06/09,"19,3",157,"7,9","=",38,1,0
"LSL-0.5",2014/06/30,"22,5",235,"8,2","=",82,1,0
"LSL-0.5",2014/08/05,"23,8",254,"8,7","=",26,1,0
"LSL-0.5",2014/08/11,"24,6",269,"8,7","=",28,1,0
"LSL-0.5",2014/08/20,"22,3",174,"8,7","=",18,1,0
"LSL-0.5",2014/08/26,"23,7",212,"8,7","=",20,1,0
"LSL-0.5",2014/09/10,"21,9",167,"8,5","=",7,1,0
"LSL-0.5",2014/09/29,"18,6",112,"8,5","=",38,1,0
"LSL-0.5",2014/06/18,"20,2",205,"8,2","=",86,0,25
"LSL-0.5",2014/06/24,"21,2",220,"8,2","=",160,0,4
"LSL-0.5",2014/07/15,"22,3",234,"8,4","=",74,0,12
"LSL-0.5",2014/07/23,"24,0",232,"8,5","=",2300,0,11
"LSL-0.5",2014/10/08,"14,7",99,"8,2","=",390,0,20
"LSL-0.5",2014/10/15,"15,4",98,"8,0","=",16,0,1
"LSL-0.5",2014/06/04,"18,7",149,"8,0","=",110,-1,21
"LSL-0.5",2014/07/09,"22,4",229,"8,4","=",58,-1,15
"LSL-0.5",2014/07/29,"22,1",220,"8,9","=",21,-1,17
"LSL-0.5",2014/09/01,"22,5",188,"8,5","=",100,-1,10
"LSL-0.5",2014/09/22,"16,0",136,"8,6","=",160,-1,5
"LSL-0.5",2014/09/15,"16,7",150,"8,5","=",84,-2,18
"LSL-1",2014/06/09,"20,7",144,"8,3","=",150,1,0
"LSL-1",2014/06/30,"24,9",221,"8,8","=",490,1,0
"LSL-1",2014/08/05,"25,0",227,"9,0","=",450,1,0
"LSL-1",2014/08/11,"27,3",232,"9,1","=",56,1,0
"LSL-1",2014/08/20,"21,8",234,"8,8","=",2700,1,0
"LSL-1",2014/08/26,"25,5",193,"9,2","=",130,1,0
"LSL-1",2014/09/10,"22,5",201,"8,8","=",84,1,0
"LSL-1",2014/09/29,"19,3",115,"8,7","=",110,1,0
"LSL-1",2014/06/18,"21,7",273,"8,9","=",34,0,25
"LSL-1",2014/06/24,"21,7",205,"8,5","=",68,0,4
"LSL-1",2014/07/15,"22,7",226,"8,9","=",68,0,12
"LSL-1",2014/07/23,"25,2",216,"8,7","=",1100,0,11
"LSL-1",2014/10/08,"15,4",120,"8,6","=",600,0,20
"LSL-1",2014/10/15,"15,8",94,"8,1","=",280,0,1
"LSL-1",2014/06/04,"18,9",138,"7,9","=",78,-1,21
"LSL-1",2014/07/09,"23,8",228,"8,9","=",36,-1,15
"LSL-1",2014/07/29,"22,7",233,"8,9","=",70,-1,17
"LSL-1",2014/09/01,"23,3",200,"8,6","=",280,-1,10
"LSL-1",2014/09/22,"15,1",264,"8,8","=",160,-1,5
"LSL-1",2014/09/15,"16,6",186,"8,7","=",82,-2,18
"LSL-10",2014/06/09,"18,8",216,"9,0","=",9,1,0
"LSL-10",2014/06/30,"21,3",230,"8,1","=",11,1,0
"LSL-10",2014/08/05,"24,2",266,"9,0","=",10,1,0
"LSL-10",2014/08/11,"25,0",275,"8,8","<",2,1,0
"LSL-10",2014/08/20,"21,9",163,"8,8","=",28,1,0
"LSL-10",2014/08/26,"23,4",231,"8,7","=",8,1,0
"LSL-10",2014/09/10,"22,8",121,"9,2","=",2,1,0
"LSL-10",2014/09/29,"18,2",96,"8,8","=",20,1,0
"LSL-10",2014/06/18,"19,1",198,"8,2","=",300,0,25
"LSL-10",2014/06/24,"20,1",197,"8,0","=",15,0,2
"LSL-10",2014/07/15,"22,0",207,"8,9","=",50,0,11
"LSL-10",2014/07/23,"22,9",236,"8,4","=",50,0,10
"LSL-10",2014/10/08,"14,8",89,"7,9","=",3400,0,18
"LSL-10",2014/10/15,"15,0",89,"8,0","=",5,0,1
"LSL-10",2014/06/04,"18,3",96,"7,8","=",140,-1,21
"LSL-10",2014/07/09,"21,8",193,"8,3","=",110,-1,15
"LSL-10",2014/07/29,"21,9",220,"8,9","=",33,-1,17
"LSL-10",2014/09/01,"22,6",136,"8,5","=",84,-1,10
"LSL-10",2014/09/22,"16,0",110,"8,7","=",340,-1,5
"LSL-10",2014/09/15,"16,1",109,"8,3","=",26,-2,18
"LSL-10.5",2014/06/09,"17,3",219,"8,2","=",18,1,0
"LSL-10.5",2014/06/30,"24,9",140,"8,1","=",1100,1,0
"LSL-10.5",2014/08/05,"23,2",234,"8,7","=",3,1,0
"LSL-10.5",2014/08/11,"24,4",250,"8,7","<",2,1,0
"LSL-10.5",2014/08/20,"21,0",139,"8,5","=",5,1,0
"LSL-10.5",2014/08/26,"22,7",180,"8,4","=",81,1,0
"LSL-10.5",2014/09/10,"21,4",125,"8,4","=",23,1,0
"LSL-10.5",2014/09/29,"18,1",109,"8,7","=",16,1,0
"LSL-10.5",2014/06/18,"19,6",193,"7,9","=",1500,0,25
"LSL-10.5",2014/06/24,"20,9",169,"8,0","=",13,0,2
"LSL-10.5",2014/07/15,"21,2",220,"8,5","=",11,0,11
"LSL-10.5",2014/07/23,"23,3",228,"8,4","=",110,0,10
"LSL-10.5",2014/10/08,"14,7",93,"8,0","=",500,0,18
"LSL-10.5",2014/10/15,"15,0",93,"8,0","=",5,0,1
"LSL-10.5",2014/06/04,"17,9",97,"7,8","=",300,-1,21
"LSL-10.5",2014/07/09,"21,5",169,"8,1","=",100,-1,15
"LSL-10.5",2014/07/29,"20,8",188,"8,4","=",8,-1,17
"LSL-10.5",2014/09/01,"22,1",135,"8,2","=",91,-1,10
"LSL-10.5",2014/09/22,"15,4",118,"8,2","=",290,-1,5
"LSL-10.5",2014/09/15,"15,4",113,"8,3","=",64,-2,18
"LSL-11",2014/06/09,"18,5",243,"8,9","=",56,1,0
"LSL-11",2014/06/30,"25,0",144,"8,1","=",160,1,0
"LSL-11",2014/08/05,"23,4",299,"8,8","=",33,1,0
"LSL-11",2014/08/11,"25,1",257,"8,7","=",5,1,0
"LSL-11",2014/08/20,"21,9",183,"8,6","=",23,1,0
"LSL-11",2014/08/26,"23,3",236,"8,7","=",28,1,0
"LSL-11",2014/09/10,"22,0",112,"8,5","=",7,1,0
"LSL-11",2014/09/29,"18,3",98,"8,8","=",50,1,0
"LSL-11",2014/06/18,"19,8",198,"8,0","=",2000,0,25
"LSL-11",2014/06/24,"21,7",183,"8,2","=",48,0,2
"LSL-11",2014/07/15,"22,4",203,"8,8","=",23,0,11
"LSL-11",2014/07/23,"23,4",260,"8,5","=",110,0,10
"LSL-11",2014/10/08,"14,7",146,"7,8","=",5300,0,18
"LSL-11",2014/10/15,"15,7",136,"7,9","=",200,0,1
"LSL-11",2014/06/04,"17,9",132,"7,8","=",1500,-1,21
"LSL-11",2014/07/09,"21,3",182,"8,1","=",100,-1,15
"LSL-11",2014/07/29,"21,0",188,"8,4","=",64,-1,17
"LSL-11",2014/09/01,"22,1",135,"8,2","=",150,-1,10
"LSL-11",2014/09/22,"15,8",117,"8,2","=",370,-1,5
"LSL-11",2014/09/15,"15,6",109,"8,2","=",240,-2,18
"LSL-12",2014/08/05,"23,2",234,"8,7","<",2,1,0
"LSL-12",2014/08/11,"25,0",232,"8,9","<",2,1,0
"LSL-12",2014/08/20,"22,1",116,"9,0","=",60,1,0
"LSL-12",2014/08/26,"23,1",191,"8,8","=",13,1,0
"LSL-12",2014/09/10,"21,9",111,"8,7","=",21,1,0
"LSL-12",2014/09/29,"18,5",102,"8,9","=",10,1,0
"LSL-12",2014/06/09,"18,6",166,"8,6","=",42,1,0
"LSL-12",2014/06/30,"23,5",155,"8,0","=",8,1,0
"LSL-12",2014/07/15,"22,4",170,"8,8","=",10,0,11
"LSL-12",2014/07/23,"23,3",200,"8,4","=",36,0,10
"LSL-12",2014/10/08,"15,0",97,"7,9","=",160,0,18
"LSL-12",2014/10/15,"15,3",92,"8,0","=",5,0,1
"LSL-12",2014/06/18,"20,1",109,"7,8","=",120,0,25
"LSL-12",2014/06/24,"21,5",129,"8,1","=",16,0,2
"LSL-12",2014/07/29,"21,9",175,"8,4","=",5,-1,17
"LSL-12",2014/09/01,"22,5",132,"8,1","=",82,-1,10
"LSL-12",2014/09/22,"16,6",111,"8,3","=",350,-1,5
"LSL-12",2014/06/04,"18,2",99,"7,7","=",88,-1,21
"LSL-12",2014/07/09,"22,1",143,"8,1","=",500,-1,15
"LSL-12",2014/09/15,"15,9",107,"8,2","=",33,-2,18
"LSL-13",2014/06/09,"21,2",93,"9,3","=",28,1,0
"LSL-13",2014/06/24,"21,5",108,"7,9","=",15,1,0
"LSL-13",2014/06/30,"24,1",117,"8,0","=",470,1,0
"LSL-13",2014/08/05,"24,2",131,"8,9","=",3,1,0
"LSL-13",2014/08/11,"26,6",127,"9,1","=",3,1,0
"LSL-13",2014/08/20,"23,2",106,"9,1","=",9,1,0
"LSL-13",2014/08/26,"24,4",112,"9,3","<",2,1,0
"LSL-13",2014/09/10,"21,8",119,"8,6","=",18,1,0
"LSL-13",2014/09/29,"18,6",105,"8,4","=",11,1,0
"LSL-13",2014/06/18,"20,7",95,"8,6","=",280,0,25
"LSL-13",2014/07/23,"24,2",128,"8,7","=",21,0,10
"LSL-13",2014/10/08,"15,1",87,"7,9","=",180,0,18
"LSL-13",2014/10/15,"15,7",100,"7,9","=",40,0,1
"LSL-13",2014/06/04,"17,9",91,"7,9","=",270,-1,21
"LSL-13",2014/07/09,"21,9",128,"8,1","=",500,-1,15
"LSL-13",2014/07/29,"21,4",116,"8,8","=",31,-1,17
"LSL-13",2014/09/01,"22,3",110,"8,1","=",3,-1,10
"LSL-13",2014/09/22,"15,9",121,"8,2","=",46,-1,5
"LSL-13",2014/07/15,"22,7",128,"9,1","=",45,-2,10
"LSL-13",2014/09/15,"15,3",106,"8,2","=",15,-2,18
"LSL-14",2014/06/09,"20,5",82,"7,8","=",500,1,0
"LSL-14",2014/06/24,"21,7",115,"8,0","=",21,1,0
"LSL-14",2014/06/30,"23,6",125,"7,7","=",240,1,0
"LSL-14",2014/08/05,"23,3",132,"8,4","=",11,1,0
"LSL-14",2014/08/11,"24,6",109,"8,4","=",2,1,0
"LSL-14",2014/08/20,"21,9",97,"8,8","=",5,1,0
"LSL-14",2014/08/26,"23,2",100,"8,7","=",3,1,0
"LSL-14",2014/09/10,"21,5",100,"8,3","=",21,1,0
"LSL-14",2014/09/29,"18,1",98,"7,9","=",21,1,0
"LSL-14",2014/06/18,"20,7",92,"7,8","=",18,0,25
"LSL-14",2014/07/23,"24,0",121,"8,1","=",42,0,6
"LSL-14",2014/10/08,"15,3",100,"7,9","=",3000,0,18
"LSL-14",2014/10/15,"14,8",111,"7,8","=",16,0,1
"LSL-14",2014/06/04,"16,7",96,"7,6","=",45,-1,21
"LSL-14",2014/07/09,"21,8",131,"8,0","=",200,-1,15
"LSL-14",2014/07/29,"21,6",119,"8,3","=",11,-1,17
"LSL-14",2014/09/01,"22,1",118,"8,0","=",13,-1,10
"LSL-14",2014/09/22,"16,4",119,"8,1","=",100,-1,5
"LSL-14",2014/07/15,"22,7",132,"8,3","=",42,-2,10
"LSL-14",2014/09/15,"16,4",110,"8,0","=",34,-2,18
"LSL-16",2014/06/09,"19,9",82,"7,5","=",11,1,0
"LSL-16",2014/06/24,"21,9",109,"7,5","=",10,1,0
"LSL-16",2014/06/30,"24,0",114,"7,7","=",26,1,0
"LSL-16",2014/08/05,"23,3",98,"8,2","=",5,1,0
"LSL-16",2014/08/11,"24,2",92,"8,0","=",8,1,0
"LSL-16",2014/08/20,"22,5",96,"8,3","=",15,1,0
"LSL-16",2014/08/26,"22,6",91,"8,1","=",21,1,0
"LSL-16",2014/09/10,"21,5",99,"8,5","=",11,1,0
"LSL-16",2014/09/29,"18,0",90,"7,9","=",33,1,0
"LSL-16",2014/06/18,"20,5",91,"7,6","=",64,0,25
"LSL-16",2014/07/23,"24,1",107,"8,0","=",46,0,6
"LSL-16",2014/10/08,"15,2",90,"8,0","=",110,0,18
"LSL-16",2014/10/15,"14,8",92,"7,9","=",28,0,1
"LSL-16",2014/06/04,"17,6",85,"7,6","=",140,-1,21
"LSL-16",2014/07/09,"22,2",121,"7,8","=",360,-1,15
"LSL-16",2014/07/29,"21,4",109,"8,2","=",84,-1,17
"LSL-16",2014/09/01,"22,3",96,"8,0","=",36,-1,10
"LSL-16",2014/09/22,"16,3",96,"8,0","=",23,-1,5
"LSL-16",2014/07/15,"22,6",116,"8,2","=",5,-2,10
"LSL-16",2014/09/15,"15,8",98,"8,1","=",44,-2,18
"LSL-17",2014/06/09,"19,6",106,"7,3","=",36,1,0
"LSL-17",2014/06/24,"21,2",109,"7,5","=",190,1,0
"LSL-17",2014/06/30,"22,8",143,"7,5","=",400,1,0
"LSL-17",2014/08/05,"23,3",126,"8,7","=",56,1,0
"LSL-17",2014/08/11,"24,6",95,"8,2","=",50,1,0
"LSL-17",2014/08/20,"21,3",93,"8,5","=",30,1,0
"LSL-17",2014/08/26,"22,8",100,"8,5","=",36,1,0
"LSL-17",2014/09/10,"21,0",97,"8,0","=",56,1,0
"LSL-17",2014/09/29,"18,0",94,"7,8","=",240,1,0
"LSL-17",2014/06/18,"20,1",110,"7,5","=",230,0,25
"LSL-17",2014/07/23,"23,8",158,"7,9","=",110,0,6
"LSL-17",2014/10/08,"15,1",105,"7,8","=",2300,0,18
"LSL-17",2014/10/15,"14,5",100,"7,9","=",150,0,1
"LSL-17",2014/06/04,"16,5",159,"7,5","=",700,-1,21
"LSL-17",2014/07/09,"21,3",174,"7,9","=",320,-1,15
"LSL-17",2014/07/29,"21,1",122,"8,1","=",66,-1,17
"LSL-17",2014/09/01,"21,9",109,"8,0","=",2000,-1,10
"LSL-17",2014/09/22,"15,8",154,"7,9","=",1400,-1,5
"LSL-17",2014/07/15,"22,6",115,"8,2","=",76,-2,10
"LSL-17",2014/09/15,"15,6",100,"8,1","=",38,-2,18
"LSL-18",2014/06/09,"19,8",86,"7,4","=",210,1,0
"LSL-18",2014/06/24,"23,0",116,"7,5","=",72,1,0
"LSL-18",2014/06/30,"22,7",123,"7,6","=",100,1,0
"LSL-18",2014/08/05,"23,4",99,"7,9","=",18,1,0
"LSL-18",2014/08/11,"24,5",97,"8,0","=",21,1,0
"LSL-18",2014/08/20,"20,8",100,"7,9","=",58,1,0
"LSL-18",2014/08/26,"2,9",98,"8,0","=",42,1,0
"LSL-18",2014/09/10,"21,0",95,"7,9","=",26,1,0
"LSL-18",2014/09/29,"17,8",98,"7,8","=",25,1,0
"LSL-18",2014/06/18,"19,9",109,"7,5","=",73,0,25
"LSL-18",2014/07/23,"23,9",120,"7,8","=",11,0,6
"LSL-18",2014/10/08,"15,1",87,"7,9","=",280,0,18
"LSL-18",2014/10/15,"14,7",95,"7,9","=",60,0,1
"LSL-18",2014/06/04,"17,0",89,"7,6","=",98,-1,21
"LSL-18",2014/07/09,"21,8",124,"7,8","=",2000,-1,15
"LSL-18",2014/07/29,"20,9",111,"7,9","=",44,-1,17
"LSL-18",2014/09/01,"21,8",107,"7,9","=",72,-1,10
"LSL-18",2014/09/22,"16,2",105,"7,9","=",150,-1,5
"LSL-18",2014/07/15,"22,5",120,"7,9","=",5,-2,10
"LSL-18",2014/09/15,"16,1",99,"8,1","=",13,-2,18
"LSL-19",2014/06/09,"19,1",77,"7,4","=",16,1,0
"LSL-19",2014/06/24,"20,7",98,"7,5","=",2,1,0
"LSL-19",2014/06/30,"22,7",112,"7,5","=",11,1,0
"LSL-19",2014/08/05,"23,8",95,"7,9","=",10,1,0
"LSL-19",2014/08/11,"24,4",91,"7,9","=",7,1,0
"LSL-19",2014/08/20,"20,8",88,"7,9","=",5,1,0
"LSL-19",2014/08/26,"22,6",92,"7,9","=",10,1,0
"LSL-19",2014/09/10,"21,6",93,"7,9","=",28,1,0
"LSL-19",2014/09/29,"17,7",86,"7,9","=",8,1,0
"LSL-19",2014/06/18,"19,4",88,"7,5","=",27,0,25
"LSL-19",2014/07/23,"24,2",103,"7,8","=",54,0,6
"LSL-19",2014/10/08,"15,5",80,"8,0","=",50,0,18
"LSL-19",2014/10/15,"14,0",84,"8,1","=",15,0,1
"LSL-19",2014/06/04,"17,1",74,"7,7","=",25,-1,21
"LSL-19",2014/07/09,"22,5",112,"7,8","=",15,-1,15
"LSL-19",2014/07/29,"21,0",104,"7,9","=",25,-1,17
"LSL-19",2014/09/01,"22,1",92,"8,1","=",16,-1,10
"LSL-19",2014/09/22,"16,9",91,"8,0","=",18,-1,5
"LSL-19",2014/07/15,"22,7",110,"7,8","=",3,-2,10
"LSL-19",2014/09/15,"17,3",97,"8,2","=",7,-2,18
"LSL-2",2014/06/09,"21,1",180,"8,2","=",8,1,0
"LSL-2",2014/06/30,"23,8",234,"8,3","=",210,1,0
"LSL-2",2014/08/05,"23,9",252,"8,7","=",3,1,0
"LSL-2",2014/08/11,"26,0",268,"8,7","=",3,1,0
"LSL-2",2014/08/20,"21,3",176,"8,6","=",2,1,0
"LSL-2",2014/08/26,"24,3",212,"8,6","=",28,1,0
"LSL-2",2014/09/10,"21,9",170,"8,5","=",7,1,0
"LSL-2",2014/09/29,"18,4",114,"8,5","=",13,1,0
"LSL-2",2014/06/18,"20,7",205,"8,2","=",48,0,25
"LSL-2",2014/06/24,"20,9",218,"8,3","=",2,0,4
"LSL-2",2014/07/15,"22,1",230,"8,3","=",20,0,12
"LSL-2",2014/07/23,"24,1",237,"8,5","=",42,0,11
"LSL-2",2014/10/08,"14,9",99,"8,0","=",140,0,20
"LSL-2",2014/10/15,"15,0",99,"8,0","=",7,0,1
"LSL-2",2014/06/04,"18,2",150,"7,9","=",120,-1,21
"LSL-2",2014/07/09,"22,2",229,"8,2","=",34,-1,15
"LSL-2",2014/07/29,"22,1",216,"8,5","=",34,-1,17
"LSL-2",2014/09/01,"22,5",182,"8,3","=",44,-1,10
"LSL-2",2014/09/22,"15,9",131,"8,2","=",86,-1,5
"LSL-2",2014/09/15,"17,2",155,"8,4","=",30,-2,18
"LSL-2.5",2014/06/09,"19,4",233,"8,3","=",13,1,0
"LSL-2.5",2014/06/30,"22,7",236,"8,2","=",80,1,0
"LSL-2.5",2014/08/05,"23,3",285,"8,8","=",46,1,0
"LSL-2.5",2014/08/11,"25,2",279,"8,8","=",3,1,0
"LSL-2.5",2014/08/20,"21,9",201,"8,7","=",7,1,0
"LSL-2.5",2014/08/26,"24,6",230,"8,9","=",23,1,0
"LSL-2.5",2014/09/10,"22,4",149,"8,8","=",10,1,0
"LSL-2.5",2014/09/29,"18,6",113,"8,9","=",10,1,0
"LSL-2.5",2014/06/18,"19,9",241,"8,0","=",390,0,25
"LSL-2.5",2014/06/24,"20,0",236,"8,1","=",25,0,4
"LSL-2.5",2014/07/15,"22,2",221,"8,7","=",33,0,12
"LSL-2.5",2014/07/23,"23,2",266,"8,3","=",310,0,11
"LSL-2.5",2014/10/08,"15,0",132,"8,1","=",510,0,20
"LSL-2.5",2014/10/15,"15,2",105,"8,0","=",8,0,1
"LSL-2.5",2014/06/04,"18,2",156,"7,9","=",1000,-1,21
"LSL-2.5",2014/07/09,"22,5",218,"8,2","=",100,-1,15
"LSL-2.5",2014/07/29,"21,9",233,"8,7","=",50,-1,17
"LSL-2.5",2014/09/01,"22,4",170,"8,4","=",23,-1,10
"LSL-2.5",2014/09/22,"15,8",136,"8,3","=",44,-1,5
"LSL-2.5",2014/09/15,"17,5",159,"8,7","=",11,-2,18
"LSL-20",2014/08/11,"24,2",93,"8,0","=",7,1,0
"LSL-20",2014/08/20,"21,4",109,"8,2","=",7,1,0
"LSL-20",2014/08/26,"23,1",105,"7,8","=",76,1,0
"LSL-20",2014/09/10,"21,9",113,"8,0","=",25,1,0
"LSL-20",2014/09/29,"18,1",113,"8,0","=",290,1,0
"LSL-20",2014/06/09,"20,0",81,"7,5","=",34,1,0
"LSL-20",2014/06/24,"21,3",146,"7,6","=",60,1,0
"LSL-20",2014/06/30,"23,0",135,"7,5","=",110,1,0
"LSL-20",2014/08/05,"24,0",119,"7,8","=",40,1,0
"LSL-20",2014/10/08,"15,4",87,"8,1","=",270,0,18
"LSL-20",2014/10/15,"15,0",94,"7,9","=",48,0,1
"LSL-20",2014/06/18,"20,1",108,"7,6","=",150,0,25
"LSL-20",2014/07/23,"24,7",129,"7,8","=",54,0,6
"LSL-20",2014/09/01,"22,2",110,"8,2","=",320,-1,10
"LSL-20",2014/09/22,"17,3",105,"8,0","=",64,-1,5
"LSL-20",2014/06/04,"17,6",91,"7,8","=",230,-1,21
"LSL-20",2014/07/09,"22,9",129,"7,9","=",270,-1,15
"LSL-20",2014/07/29,"21,8",124,"7,8","=",230,-1,17
"LSL-20",2014/09/15,"17,1",142,"8,2","=",100,-2,18
"LSL-20",2014/07/15,"23,0",138,"7,8","=",73,-2,10
"LSL-21",2014/06/09,"19,9",150,"7,6","=",470,1,0
"LSL-21",2014/06/24,"20,7",170,"7,6","=",72,1,0
"LSL-21",2014/06/30,"22,6",187,"7,6","=",310,1,0
"LSL-21",2014/08/05,"23,6",131,"8,2","=",15,1,0
"LSL-21",2014/08/11,"24,9",294,"8,5","=",3,1,0
"LSL-21",2014/08/20,"20,3",408,"8,5","=",52,1,0
"LSL-21",2014/08/26,"24,0",149,"8,3","=",10,1,0
"LSL-21",2014/09/10,"21,0",116,"8,3","=",62,1,0
"LSL-21",2014/09/29,"17,8",97,"8,3","=",72,1,0
"LSL-21",2014/06/18,"19,7",135,"7,7","=",2100,0,25
"LSL-21",2014/07/23,"24,1",164,"8,0","=",5000,0,5
"LSL-21",2014/10/08,"14,8",234,"7,9","=",3400,0,18
"LSL-21",2014/10/15,"14,4",112,"8,1","=",18,0,1
"LSL-21",2014/06/04,"16,7",111,"7,8","=",700,-1,21
"LSL-21",2014/07/09,"19,8",444,"8,0","=",1000,-1,15
"LSL-21",2014/07/29,"17,5",389,"8,1","=",91,-1,17
"LSL-21",2014/09/01,"21,5",147,"8,2","=",76,-1,10
"LSL-21",2014/09/22,"14,9",120,"7,9","=",4300,-1,5
"LSL-21",2014/07/15,"23,0",200,"8,4","=",54,-2,10
"LSL-21",2014/09/15,"14,8",107,"8,5","=",15,-2,18
"LSL-3",2014/06/09,"20,1",245,"8,5","=",40,1,0
"LSL-3",2014/06/30,"23,1",242,"8,4","=",82,1,0
"LSL-3",2014/08/05,"23,9",292,"8,9","=",21,1,0
"LSL-3",2014/08/11,"27,0",284,"8,9","=",3,1,0
"LSL-3",2014/08/20,"23,6",212,"9,0","=",8,1,0
"LSL-3",2014/08/26,"25,6",235,"9,1","=",300,1,0
"LSL-3",2014/09/10,"23,5",153,"9,1","=",13,1,0
"LSL-3",2014/09/29,"19,1",120,"9,4","=",8,1,0
"LSL-3",2014/06/18,"20,2",252,"8,1","=",580,0,25
"LSL-3",2014/06/24,"20,2",241,"8,2","=",130,0,4
"LSL-3",2014/07/15,"22,3",228,"9,0","=",30,0,12
"LSL-3",2014/07/23,"23,9",307,"8,6","=",500,0,11
"LSL-3",2014/10/08,"15,2",156,"8,1","=",1500,0,19
"LSL-3",2014/10/15,"15,8",111,"8,1","=",46,0,1
"LSL-3",2014/06/04,"18,6",180,"8,0","=",460,-1,21
"LSL-3",2014/07/09,"22,5",232,"8,3","=",200,-1,15
"LSL-3",2014/07/29,"22,8",246,"9,0","=",200,-1,17
"LSL-3",2014/09/01,"23,1",182,"8,8","=",31,-1,10
"LSL-3",2014/09/22,"15,8",151,"8,4","=",45,-1,5
"LSL-3",2014/09/15,"18,6",169,"9,0","=",26,-2,18
"LSL-4",2014/06/09,"20,6",284,"8,4","=",72,1,0
"LSL-4",2014/06/30,"23,7",261,"8,4","=",170,1,0
"LSL-4",2014/08/05,"24,3",311,"9,1","=",8,1,0
"LSL-4",2014/08/11,"27,2",327,"8,9","=",8,1,0
"LSL-4",2014/08/20,"23,3",260,"8,9","=",33,1,0
"LSL-4",2014/08/26,"25,6",266,"10,0","=",110,1,0
"LSL-4",2014/09/10,"23,8",181,"9,2","=",7,1,0
"LSL-4",2014/09/29,"19,4",153,"9,2","=",8,1,0
"LSL-4",2014/06/18,"20,7",286,"8,0","=",2200,0,25
"LSL-4",2014/06/24,"20,1",256,"8,1","=",900,0,2
"LSL-4",2014/07/15,"22,3",261,"8,9","=",48,0,12
"LSL-4",2014/07/23,"23,4",245,"8,2","=",2000,0,11
"LSL-4",2014/10/08,"15,1",246,"8,0","=",1200,0,19
"LSL-4",2014/10/15,"16,0",134,"8,0","=",42,0,1
"LSL-4",2014/06/04,"19,7",252,"8,1","=",560,-1,21
"LSL-4",2014/07/09,"22,5",279,"8,2","=",260,-1,15
"LSL-4",2014/07/29,"22,9",274,"9,2","=",110,-1,17
"LSL-4",2014/09/01,"23,3",220,"8,8","=",76,-1,10
"LSL-4",2014/09/22,"16,0",191,"8,5","=",45,-1,5
"LSL-4",2014/09/15,"19,2",196,"9,2","=",46,-2,18
"LSL-4.3",2014/06/09,"19,4",271,"8,3","=",18,1,0
"LSL-4.3",2014/06/30,"22,3",245,"8,2","=",52,1,0
"LSL-4.3",2014/08/05,"23,2",290,"8,7","=",16,1,0
"LSL-4.3",2014/08/11,"25,2",284,"8,9","=",18,1,0
"LSL-4.3",2014/08/20,"22,1",201,"8,7","=",52,1,0
"LSL-4.3",2014/08/26,"23,9",235,"8,8","=",11,1,0
"LSL-4.3",2014/09/10,"22,6",139,"8,8","=",11,1,0
"LSL-4.3",2014/09/29,"18,5",141,"8,7","=",26,1,0
"LSL-4.3",2014/06/18,"19,6",248,"8,0","=",1200,0,25
"LSL-4.3",2014/06/24,"19,8",250,"8,1","=",42,0,2
"LSL-4.3",2014/07/15,"22,0",228,"8,5","=",38,0,12
"LSL-4.3",2014/07/23,"23,0",292,"8,2","=",2200,0,11
"LSL-4.3",2014/10/08,"14,8",361,"7,7","=",2000,0,19
"LSL-4.3",2014/10/15,"15,4",178,"7,9","=",23,0,1
"LSL-4.3",2014/06/04,"18,1",251,"7,8","=",450,-1,21
"LSL-4.3",2014/07/09,"22,3",266,"8,1","=",510,-1,15
"LSL-4.3",2014/07/29,"21,9",224,"8,7","=",76,-1,17
"LSL-4.3",2014/09/01,"22,4",177,"8,3","=",33,-1,10
"LSL-4.3",2014/09/22,"16,3",180,"8,3","=",60,-1,5
"LSL-4.3",2014/09/15,"17,2",156,"8,6","=",30,-2,18
"LSL-4.5",2014/06/09,"19,9",167,"8,9","<",10,1,0
"LSL-4.5",2014/06/30,"23,5",230,"8,7","=",170,1,0
"LSL-4.5",2014/08/05,"23,2",284,"8,8","=",10,1,0
"LSL-4.5",2014/08/11,"25,1",275,"8,9","=",21,1,0
"LSL-4.5",2014/08/20,"21,8",193,"8,7","=",36,1,0
"LSL-4.5",2014/08/26,"23,9",217,"8,8","=",50,1,0
"LSL-4.5",2014/09/10,"22,6",139,"8,8","=",18,1,0
"LSL-4.5",2014/09/29,"18,5",113,"8,7","=",7,1,0
"LSL-4.5",2014/06/18,"21,7",222,"8,7","=",250,0,25
"LSL-4.5",2014/06/24,"20,2",238,"8,1","=",800,0,2
"LSL-4.5",2014/07/15,"22,1",209,"8,8","=",70,0,12
"LSL-4.5",2014/07/23,"23,0",241,"8,3","=",300,0,11
"LSL-4.5",2014/10/08,"15,0",118,"7,9","=",400,0,19
"LSL-4.5",2014/10/15,"15,2",105,"8,0","=",15,0,1
"LSL-4.5",2014/06/04,"19,2",162,"8,3","=",200,-1,21
"LSL-4.5",2014/07/09,"22,1",210,"8,2","=",130,-1,15
"LSL-4.5",2014/07/29,"22,1",220,"8,9","=",60,-1,17
"LSL-4.5",2014/09/01,"22,4",161,"8,5","=",52,-1,10
"LSL-4.5",2014/09/22,"16,2",132,"8,5","=",45,-1,5
"LSL-4.5",2014/09/15,"17,4",138,"8,7","=",28,-2,18
"LSL-5.5",2014/06/09,"18,3",256,"8,5","=",20,1,0
"LSL-5.5",2014/06/30,"22,1",243,"8,1","=",28,1,0
"LSL-5.5",2014/08/05,"22,7",304,"8,8","=",3,1,0
"LSL-5.5",2014/08/11,"25,8",296,"8,9","=",3,1,0
"LSL-5.5",2014/08/20,"21,8",217,"8,7","=",10,1,0
"LSL-5.5",2014/08/26,"23,7",250,"8,8","=",10,1,0
"LSL-5.5",2014/09/10,"22,3",157,"8,9","=",7,1,0
"LSL-5.5",2014/09/29,"18,4",166,"8,9","=",8,1,0
"LSL-5.5",2014/06/18,"19,6",243,"8,0","=",700,0,25
"LSL-5.5",2014/06/24,"19,8",255,"8,1","=",10,0,2
"LSL-5.5",2014/07/15,"21,9",247,"8,5","=",18,0,12
"LSL-5.5",2014/07/23,"22,7",329,"8,3","=",390,0,10
"LSL-5.5",2014/10/08,"14,7",146,"7,8","=",460,0,18
"LSL-5.5",2014/10/15,"15,2",144,"8,0","=",18,0,1
"LSL-5.5",2014/06/04,"18,0",180,"7,9","=",400,-1,21
"LSL-5.5",2014/07/09,"21,7",240,"8,1","=",200,-1,15
"LSL-5.5",2014/07/29,"21,4",247,"8,7","=",56,-1,17
"LSL-5.5",2014/09/01,"22,3",180,"8,5","=",48,-1,10
"LSL-5.5",2014/09/22,"15,9",198,"8,2","=",64,-1,5
"LSL-5.5",2014/09/15,"16,7",161,"8,9","=",25,-2,18
"LSL-6.5",2014/06/09,"18,2",217,"8,1","=",2,1,0
"LSL-6.5",2014/06/30,"22,3",230,"8,1","=",3,1,0
"LSL-6.5",2014/08/05,"23,2",272,"8,8","=",7,1,0
"LSL-6.5",2014/08/11,"24,2",272,"9,0","=",28,1,0
"LSL-6.5",2014/08/20,"21,6",171,"8,7","=",31,1,0
"LSL-6.5",2014/08/26,"24,0",199,"8,8","=",2,1,0
"LSL-6.5",2014/09/10,"22,1",148,"8,7","=",3,1,0
"LSL-6.5",2014/09/29,"18,5",102,"8,2","=",21,1,0
"LSL-6.5",2014/06/18,"20,0",227,"8,1","=",300,0,25
"LSL-6.5",2014/06/24,"20,0",217,"8,1","=",700,0,2
"LSL-6.5",2014/07/15,"22,1",210,"8,7","=",21,0,12
"LSL-6.5",2014/07/23,"23,2",244,"8,5","=",20,0,10
"LSL-6.5",2014/10/08,"14,6",98,"8,0","=",230,0,18
"LSL-6.5",2014/10/15,"15,2",93,"8,0","=",50,0,1
"LSL-6.5",2014/06/04,"18,3",174,"8,0","=",400,-1,21
"LSL-6.5",2014/07/09,"21,9",211,"8,1","=",250,-1,15
"LSL-6.5",2014/07/29,"21,2",224,"8,5","=",96,-1,17
"LSL-6.5",2014/09/01,"22,4",182,"8,5","=",150,-1,10
"LSL-6.5",2014/09/22,"15,7",121,"8,1","=",78,-1,5
"LSL-6.5",2014/09/15,"15,0",122,"8,3","=",68,-2,18
"LSL-7",2014/08/05,"24,0",260,"9,1","=",140,1,0
"LSL-7",2014/08/11,"26,6",274,"9,1","=",34,1,0
"LSL-7",2014/08/20,"23,3",174,"9,0","=",7,1,0
"LSL-7",2014/08/26,"24,7",205,"8,9","=",210,1,0
"LSL-7",2014/09/10,"22,7",188,"8,7","=",2,1,0
"LSL-7",2014/09/29,"19,1",161,"9,0","=",5,1,0
"LSL-7",2014/06/09,"17,9",257,"8,3","=",33,1,0
"LSL-7",2014/06/30,"24,5",256,"8,4","=",250,1,0
"LSL-7",2014/10/08,"15,0",154,"7,9","=",2500,0,18
"LSL-7",2014/10/15,"15,6",137,"8,0","=",70,0,1
"LSL-7",2014/06/18,"19,8",298,"8,1","=",900,0,25
"LSL-7",2014/06/24,"20,3",240,"8,2","=",15,0,2
"LSL-7",2014/07/15,"22,3",262,"8,8","=",240,0,12
"LSL-7",2014/07/23,"23,4",287,"8,4","=",1000,0,10
"LSL-7",2014/09/01,"22,7",240,"8,5","=",260,-1,10
"LSL-7",2014/09/22,"15,4",182,"8,0","=",360,-1,5
"LSL-7",2014/06/04,"18,4",216,"8,0","=",1400,-1,21
"LSL-7",2014/07/09,"21,9",231,"8,2","=",3500,-1,15
"LSL-7",2014/07/29,"21,8",235,"8,7","=",150,-1,17
"LSL-7",2014/09/15,"16,0",287,"8,3","=",70,-2,18
"LSL-8",2014/06/09,"18,7",233,"8,2","=",16,1,0
"LSL-8",2014/06/30,"22,6",224,"8,2","=",16,1,0
"LSL-8",2014/08/05,"23,4",274,"8,8","<",2,1,0
"LSL-8",2014/08/11,"24,2",273,"8,8","<",2,1,0
"LSL-8",2014/08/20,"21,4",141,"8,8","=",100,1,0
"LSL-8",2014/08/26,"23,8",190,"9,1","=",100,1,0
"LSL-8",2014/09/10,"21,9",153,"8,2","=",16,1,0
"LSL-8",2014/09/29,"18,7",108,"8,3","=",110,1,0
"LSL-8",2014/06/18,"19,0",213,"8,1","=",28,0,25
"LSL-8",2014/06/24,"21,5",212,"8,3","=",18,0,2
"LSL-8",2014/07/15,"22,2",227,"8,5","=",44,0,11
"LSL-8",2014/07/23,"23,8",239,"8,7","=",31,0,10
"LSL-8",2014/10/08,"14,5",105,"7,8","=",700,0,18
"LSL-8",2014/10/15,"15,4",102,"7,9","=",66,0,1
"LSL-8",2014/06/04,"18,4",175,"7,9","=",560,-1,21
"LSL-8",2014/07/09,"21,7",212,"8,1","=",100,-1,15
"LSL-8",2014/07/29,"20,9",224,"8,5","=",36,-1,17
"LSL-8",2014/09/01,"22,6",191,"8,2","=",110,-1,10
"LSL-8",2014/09/22,"16,1",114,"8,2","=",50,-1,5
"LSL-8",2014/09/15,"15,0",119,"8,1","=",39,-2,18
"LSL-9",2014/06/09,"18,2",224,"8,4","=",30,1,0
"LSL-9",2014/06/30,"21,2",230,"8,1","=",30,1,0
"LSL-9",2014/08/05,"22,9",267,"8,7","=",16,1,0
"LSL-9",2014/08/11,"23,6",183,"8,6","<",2,1,0
"LSL-9",2014/08/20,"21,1",178,"8,4","=",10,1,0
"LSL-9",2014/08/26,"22,6",251,"8,6","=",110,1,0
"LSL-9",2014/09/10,"21,8",122,"8,5","=",18,1,0
"LSL-9",2014/09/29,"18,2",95,"8,4","=",28,1,0
"LSL-9",2014/06/18,"19,1",207,"8,1","=",130,0,25
"LSL-9",2014/06/24,"19,9",204,"8,0","=",26,0,2
"LSL-9",2014/07/15,"22,0",212,"8,5","=",13,0,11
"LSL-9",2014/07/23,"22,7",243,"8,3","=",1800,0,10
"LSL-9",2014/10/08,"14,8",98,"7,9","=",1800,0,18
"LSL-9",2014/10/15,"15,1",91,"8,0","=",38,0,1
"LSL-9",2014/06/04,"18,2",108,"7,8","=",210,-1,21
"LSL-9",2014/07/09,"21,6",195,"8,2","=",120,-1,15
"LSL-9",2014/07/29,"21,9",210,"8,6","=",15,-1,17
"LSL-9",2014/09/01,"22,4",140,"8,3","=",100,-1,10
"LSL-9",2014/09/22,"16,0",115,"8,4","=",170,-1,5
"LSL-9",2014/09/15,"15,7",114,"8,2","=",62,-2,18
"RDP-100",2014/07/03,"23,6",132,"7,9","=",38,1,0
"RDP-100",2014/07/31,"22,3",103,"8,2","=",34,1,0
"RDP-100",2014/08/21,"21,5",97,"7,9","=",74,1,0
"RDP-100",2014/08/28,"21,7",98,"8,0","=",110,1,0
"RDP-100",2014/10/02,"16,0",87,"8,2","=",44,1,0
"RDP-100",2014/06/12,"18,1",87,"7,6","=",700,0,28
"RDP-100",2014/09/11,"21,0",105,"7,9","=",1000,0,5
"RDP-100",2014/09/18,"16,9",100,"8,0","=",120,0,2
"RDP-100",2014/10/16,"14,8",93,"7,7","=",220,0,8
"RDP-100",2014/06/19,"20,1",99,"7,9","<",10,-1,25
"RDP-100",2014/07/24,"23,3",104,"8,2","=",120,-1,11
"RDP-100",2014/08/14,"20,6",100,"7,8","=",18,-1,44
"RDP-100",2014/10/09,"13,3",89,"7,8","=",900,-1,22
"RDP-100",2014/06/05,"17,4",85,"7,9","=",150,-2,21
"RDP-100",2014/06/26,"21,3",107,"7,7","=",700,-2,44
"RDP-100",2014/07/10,"21,4",118,"7,9","=",91,-2,6
"RDP-100",2014/07/17,"22,0",116,"8,1","=",36,-2,2
"RDP-100",2014/08/07,"22,8",92,"8,1","=",1200,-2,1
"RDP-100",2014/09/04,"22,1",105,"8,2","=",110,-2,3
"RDP-100",2014/09/25,"16,1",94,"8,0","=",54,-2,1
"RDP-110",2014/07/03,"23,5",128,"7,8","=",7,1,0
"RDP-110",2014/07/31,"22,5",100,"8,1","=",8,1,0
"RDP-110",2014/08/21,"21,6",87,"7,9","=",8,1,0
"RDP-110",2014/08/28,"21,8",95,"8,1","=",13,1,0
"RDP-110",2014/10/02,"15,7",84,"8,1","=",10,1,0
"RDP-110",2014/06/12,"18,2",78,"7,6","=",82,0,28
"RDP-110",2014/08/07,"23,2",94,"8,0","=",28,0,4
"RDP-110",2014/09/11,"21,6",95,"7,9","=",260,0,5
"RDP-110",2014/09/18,"17,3",97,"8,0","=",13,0,2
"RDP-110",2014/10/16,"14,4",83,"7,7","=",34,0,8
"RDP-110",2014/06/19,"19,9",101,"7,9","=",23,-1,25
"RDP-110",2014/07/24,"22,9",102,"8,1","=",9,-1,11
"RDP-110",2014/08/14,"21,3",90,"8,0","=",350,-1,44
"RDP-110",2014/10/09,"14,0",83,"7,8","=",44,-1,22
"RDP-110",2014/06/05,"17,0",77,"7,6","=",3,-2,21
"RDP-110",2014/06/26,"20,6",100,"7,6","=",34,-2,44
"RDP-110",2014/07/10,"21,6",114,"7,9","=",36,-2,6
"RDP-110",2014/07/17,"21,9",111,"8,0","=",16,-2,2
"RDP-110",2014/09/04,"22,1",99,"8,0","=",7,-2,3
"RDP-110",2014/09/25,"16,1",90,"8,0","=",23,-2,1
"RDP-120",2014/06/02,"17,0",71,"7,9","=",2,1,0
"RDP-120",2014/06/10,"19,2",79,"7,6","=",7,1,0
"RDP-120",2014/07/01,"23,5",120,"7,6","=",18,1,0
"RDP-120",2014/07/07,"22,3",120,"7,8","=",21,1,0
"RDP-120",2014/07/22,"24,7",103,"8,4","=",40,1,0
"RDP-120",2014/08/12,"24,4",92,"8,0","=",23,1,0
"RDP-120",2014/08/25,"22,5",64,"8,2","=",31,1,0
"RDP-120",2014/09/17,"17,1",99,"8,5","=",26,1,0
"RDP-120",2014/09/30,"16,3",84,"8,2","=",8,1,0
"RDP-120",2014/10/14,"13,7",86,"8,4","=",21,1,0
"RDP-120",2014/09/23,"15,2",82,"8,4","=",58,0,6
"RDP-120",2014/06/25,"20,6",105,"7,6","=",500,-1,44
"RDP-120",2014/07/14,"22,9",112,"8,4","=",150,-1,10
"RDP-120",2014/07/28,"22,4",108,"8,0","=",21,-1,9
"RDP-120",2014/08/06,"23,5",95,"8,2","=",31,-1,1
"RDP-120",2014/09/03,"22,3",92,"8,2","=",380,-1,3
"RDP-120",2014/06/16,"19,4",90,"7,6","=",56,-2,2
"RDP-120",2014/08/18,"20,5",71,"8,3","=",2300,-2,12
"RDP-120",2014/09/08,"21,7",95,"8,1","=",46,-2,4
"RDP-120",2014/10/06,"14,9",81,"8,3","=",7,-2,22
"RDP-140",2014/06/02,"16,8",85,"7,9","=",220,1,0
"RDP-140",2014/06/10,"16,1",596,"7,5","=",2800,1,0
"RDP-140",2014/07/01,"13,6",1048,"7,4","=",4000,1,0
"RDP-140",2014/07/07,"15,0",1150,"7,6",">",6000,1,0
"RDP-140",2014/07/22,"18,1",825,"7,8","=",25000,1,0
"RDP-140",2014/08/12,"22,3",204,"7,6","=",910,1,0
"RDP-140",2014/08/25,"17,4",1065,"7,8",">",60000,1,0
"RDP-140",2014/09/17,"14,1",780,"7,9","=",12000,1,0
"RDP-140",2014/09/30,"15,3",656,"7,6","=",14000,1,0
"RDP-140",2014/10/14,"14,4",780,"7,5","=",5500,1,0
"RDP-140",2014/09/23,"14,3",735,"7,7",">",60000,0,6
"RDP-140",2014/06/25,"17,0",507,"7,3","=",3100,-1,44
"RDP-140",2014/07/14,"16,5",1033,"7,8",">",6000,-1,10
"RDP-140",2014/07/28,"16,9",979,"7,6",">",6000,-1,9
"RDP-140",2014/08/06,"16,8",712,"7,6",">",6000,-1,1
"RDP-140",2014/09/03,"17,7",744,"7,8",">",60000,-1,3
"RDP-140",2014/06/16,"18,9",103,"7,5","=",400,-2,2
"RDP-140",2014/08/18,"15,1",1157,"7,6","=",4300,-2,12
"RDP-140",2014/09/08,"16,7",876,"7,5","=",7300,-2,4
"RDP-140",2014/10/06,"14,5",741,"7,6","=",2700,-2,22
"RDP-150",2014/09/17,"16,7",101,"8,5","=",120,1,0
"RDP-150",2014/09/30,"16,0",90,"8,0","=",500,1,0
"RDP-150",2014/10/14,"13,8",89,"8,4","=",420,1,0
"RDP-150",2014/06/02,"16,9",77,"7,8","=",62,1,0
"RDP-150",2014/06/10,"19,3",81,"7,7","=",300,1,0
"RDP-150",2014/07/01,"23,3",123,"7,5","=",130,1,0
"RDP-150",2014/07/07,"21,8",124,"8,0","=",430,1,0
"RDP-150",2014/07/22,"24,3",109,"8,4","=",230,1,0
"RDP-150",2014/08/12,"23,8",100,"8,2","=",440,1,0
"RDP-150",2014/08/25,"22,1",98,"8,4","=",200,1,0
"RDP-150",2014/09/23,"15,0",96,"8,5","=",110,0,6
"RDP-150",2014/06/25,"20,5",119,"7,7","=",240,-1,44
"RDP-150",2014/07/14,"23,0",116,"8,2","=",110,-1,10
"RDP-150",2014/07/28,"22,2",112,"8,2","=",450,-1,9
"RDP-150",2014/08/06,"22,8",99,"8,2","=",430,-1,1
"RDP-150",2014/09/03,"22,1",100,"8,5","=",460,-1,3
"RDP-150",2014/10/06,"15,0",85,"8,2","<",10,-2,22
"RDP-150",2014/06/16,"19,4",94,"7,5","=",260,-2,2
"RDP-150",2014/08/18,"19,9",96,"8,3","=",46,-2,12
"RDP-150",2014/09/08,"21,3",100,"8,1","=",460,-2,4
"RDP-160",2014/06/02,"16,7",76,"7,7","=",15,1,0
"RDP-160",2014/06/10,"19,2",84,"7,6","=",150,1,0
"RDP-160",2014/07/01,"23,2",121,"7,6","=",23,1,0
"RDP-160",2014/07/07,"22,1",128,"7,8","=",110,1,0
"RDP-160",2014/07/22,"23,7",103,"8,1","=",42,1,0
"RDP-160",2014/08/12,"23,5",131,"8,3","=",40,1,0
"RDP-160",2014/08/25,"21,8",91,"8,2","=",13,1,0
"RDP-160",2014/09/17,"17,1",101,"8,3","=",21,1,0
"RDP-160",2014/09/30,"15,7",83,"8,1","=",34,1,0
"RDP-160",2014/10/14,"14,0",85,"8,2","=",440,1,0
"RDP-160",2014/09/23,"14,6",61,"8,3","=",230,0,6
"RDP-160",2014/06/25,"20,3",112,"7,5","=",1700,-1,44
"RDP-160",2014/07/14,"21,8",112,"8,1","=",30,-1,10
"RDP-160",2014/07/28,"22,4",95,"8,2","=",31,-1,9
"RDP-160",2014/08/06,"22,2",100,"8,1","=",98,-1,1
"RDP-160",2014/09/03,"22,3",98,"8,2","=",88,-1,3
"RDP-160",2014/06/16,"19,2",90,"7,5","=",76,-2,2
"RDP-160",2014/08/18,"19,9",99,"8,1","=",720,-2,12
"RDP-160",2014/09/08,"21,6",96,"8,0","=",64,-2,4
"RDP-160",2014/10/06,"14,8",84,"8,1","=",3,-2,22
"RDP-180",2014/06/02,"17,1",76,"7,7","=",11,1,0
"RDP-180",2014/06/10,"19,3",76,"7,5","=",21,1,0
"RDP-180",2014/07/01,"23,3",118,"7,6","=",26,1,0
"RDP-180",2014/07/07,"22,3",118,"7,9","=",25,1,0
"RDP-180",2014/07/22,"24,4",105,"8,2","=",16,1,0
"RDP-180",2014/08/12,"24,5",90,"8,1","=",8,1,0
"RDP-180",2014/08/25,"22,4",90,"8,0","=",16,1,0
"RDP-180",2014/09/17,"17,4",97,"8,2","=",23,1,0
"RDP-180",2014/09/30,"16,4",86,"8,0","=",31,1,0
"RDP-180",2014/10/14,"13,8",84,"8,1","=",28,1,0
"RDP-180",2014/09/23,"15,5",91,"8,1","=",18,0,6
"RDP-180",2014/06/25,"20,6",105,"7,6","=",500,-1,44
"RDP-180",2014/07/14,"22,9",111,"7,9","=",30,-1,10
"RDP-180",2014/07/28,"22,7",106,"8,0","=",21,-1,9
"RDP-180",2014/08/06,"23,3",94,"8,1","=",66,-1,1
"RDP-180",2014/09/03,"22,6",97,"8,1","=",44,-1,3
"RDP-180",2014/06/16,"19,6",91,"7,6","=",50,-2,2
"RDP-180",2014/08/18,"20,8",90,"8,1","=",44,-2,12
"RDP-180",2014/09/08,"21,9",94,"8,0","=",23,-2,4
"RDP-180",2014/10/06,"15,1",80,"8,1","=",8,-2,22
"RDP-190",2014/06/02,"16,9",76,"7,6","=",8,1,0
"RDP-190",2014/06/10,"19,3",72,"7,5","=",26,1,0
"RDP-190",2014/07/01,"23,5",119,"7,5","=",39,1,0
"RDP-190",2014/07/07,"22,3",120,"7,8","=",40,1,0
"RDP-190",2014/07/22,"25,1",105,"8,4","=",15,1,0
"RDP-190",2014/08/12,"24,7",93,"8,0","=",91,1,0
"RDP-190",2014/08/25,"22,9",92,"7,9","=",84,1,0
"RDP-190",2014/09/17,"17,5",98,"8,2","=",64,1,0
"RDP-190",2014/09/30,"16,2",86,"8,0","=",54,1,0
"RDP-190",2014/10/14,"13,8",84,"8,0","=",56,1,0
"RDP-190",2014/07/28,"22,1",108,"8,1","=",150,0,10
"RDP-190",2014/09/23,"15,5",91,"8,0","=",73,0,6
"RDP-190",2014/06/25,"20,7",105,"7,5","=",100,-1,44
"RDP-190",2014/07/14,"23,9",101,"8,1","=",54,-1,10
"RDP-190",2014/08/06,"24,1",97,"8,0","=",400,-1,1
"RDP-190",2014/09/03,"23,3",98,"7,9","=",800,-1,3
"RDP-190",2014/06/16,"19,5",89,"7,5","=",82,-2,2
"RDP-190",2014/08/18,"20,6",90,"8,0","=",45,-2,12
"RDP-190",2014/09/08,"21,8",95,"7,9","=",63,-2,4
"RDP-190",2014/10/06,"15,0",79,"8,1","=",12,-2,22
"RDP-195",2014/06/02,"16,8",81,"7,7","=",15,1,0
"RDP-195",2014/06/10,"19,3",81,"7,5","=",18,1,0
"RDP-195",2014/07/01,"23,5",130,"7,7","=",73,1,0
"RDP-195",2014/07/07,"22,2",122,"7,8","=",100,1,0
"RDP-195",2014/07/22,"24,4",105,"8,1","=",46,1,0
"RDP-195",2014/08/12,"24,0",117,"8,2","=",3300,1,0
"RDP-195",2014/08/25,"22,3",91,"8,0","=",18,1,0
"RDP-195",2014/09/17,"17,4",98,"8,1","=",40,1,0
"RDP-195",2014/09/30,"16,3",87,"8,0","=",28,1,0
"RDP-195",2014/10/14,"13,8",86,"8,0","=",58,1,0
"RDP-195",2014/07/28,"22,3",110,"8,1","=",120,0,10
"RDP-195",2014/09/23,"15,5",92,"8,0","=",27,0,6
"RDP-195",2014/06/25,"20,5",134,"7,6","=",450,-1,44
"RDP-195",2014/07/14,"22,7",116,"8,0","=",62,-1,10
"RDP-195",2014/08/06,"23,1",102,"8,2","=",900,-1,1
"RDP-195",2014/09/03,"22,5",98,"8,1","=",230,-1,3
"RDP-195",2014/06/16,"19,4",99,"7,5","=",91,-2,2
"RDP-195",2014/08/18,"20,3",91,"8,0","=",46,-2,12
"RDP-195",2014/09/08,"21,8",95,"8,0","=",40,-2,4
"RDP-195",2014/10/06,"15,1",86,"8,0","=",15,-2,22
"RDP-20",2014/07/03,"23,2",173,"7,7","=",44,1,0
"RDP-20",2014/07/31,"20,8",113,"8,3","=",3,1,0
"RDP-20",2014/08/21,"20,8",118,"7,9","=",21,1,0
"RDP-20",2014/08/28,"20,9",124,"7,8","=",52,1,0
"RDP-20",2014/10/02,"14,4",98,"8,1","=",1300,1,0
"RDP-20",2014/06/12,"17,8",83,"7,8","=",70,0,28
"RDP-20",2014/09/11,"20,6",104,"8,0","=",80,0,5
"RDP-20",2014/09/18,"15,0",115,"8,1","=",70,0,2
"RDP-20",2014/10/16,"14,9",110,"7,8","=",34,0,7
"RDP-20",2014/06/19,"19,3",121,"7,6","=",52,-1,25
"RDP-20",2014/07/24,"20,7",134,"7,9","=",160,-1,11
"RDP-20",2014/08/14,"17,9",110,"7,9","=",2500,-1,44
"RDP-20",2014/10/09,"11,3",115,"8,0","=",90,-1,22
"RDP-20",2014/06/05,"16,9",102,"7,8","=",66,-2,21
"RDP-20",2014/06/26,"20,3",133,"7,3","=",62,-2,44
"RDP-20",2014/07/10,"18,6",142,"7,8","=",64,-2,6
"RDP-20",2014/07/17,"18,8",163,"8,1","=",100,-2,2
"RDP-20",2014/08/07,"21,2",149,"7,8","=",11,-2,1
"RDP-20",2014/09/04,"19,8",138,"7,7","=",64,-2,3
"RDP-20",2014/09/25,"14,8",101,"8,1","=",18,-2,1
"RDP-200",2014/06/02,"17,4",78,"7,6","=",68,1,0
"RDP-200",2014/06/10,"19,8",79,"7,6","=",27,1,0
"RDP-200",2014/07/01,"25,0",119,"7,7","=",21,1,0
"RDP-200",2014/07/07,"22,3",112,"7,9","=",70,1,0
"RDP-200",2014/07/22,"24,7",106,"8,3","=",23,1,0
"RDP-200",2014/08/12,"25,3",82,"8,7","=",36,1,0
"RDP-200",2014/08/25,"23,1",88,"8,3","=",16,1,0
"RDP-200",2014/09/17,"17,4",98,"8,2","=",23,1,0
"RDP-200",2014/09/30,"16,3",86,"8,0","=",25,1,0
"RDP-200",2014/10/14,"14,7",88,"8,1","=",31,1,0
"RDP-200",2014/07/28,"22,1",110,"8,2","=",82,0,10
"RDP-200",2014/09/23,"15,7",92,"8,0","=",45,0,6
"RDP-200",2014/06/25,"20,9",110,"7,8","=",5100,-1,44
"RDP-200",2014/07/14,"23,3",109,"8,2","=",78,-1,10
"RDP-200",2014/08/06,"24,5",96,"8,6","=",800,-1,1
"RDP-200",2014/09/03,"23,1",97,"8,1","=",150,-1,3
"RDP-200",2014/06/16,"20,3",85,"7,6","=",210,-2,2
"RDP-200",2014/08/18,"21,3",87,"8,1","=",23,-2,12
"RDP-200",2014/09/08,"22,1",94,"8,0","=",44,-2,4
"RDP-200",2014/10/06,"15,6",82,"8,0","=",13,-2,22
"RDP-220",2014/06/02,"16,9",75,"7,6","=",3,1,0
"RDP-220",2014/06/10,"19,6",78,"7,5","=",31,1,0
"RDP-220",2014/07/01,"23,4",119,"7,6","=",20,1,0
"RDP-220",2014/07/07,"22,3",118,"7,8","=",21,1,0
"RDP-220",2014/07/22,"24,5",106,"8,1","=",7,1,0
"RDP-220",2014/08/12,"24,6",91,"8,2","=",21,1,0
"RDP-220",2014/08/25,"22,6",90,"8,1","=",2,1,0
"RDP-220",2014/09/17,"17,4",98,"8,1","=",31,1,0
"RDP-220",2014/09/30,"16,4",87,"7,9","=",390,1,0
"RDP-220",2014/10/14,"13,8",84,"8,0","=",66,1,0
"RDP-220",2014/07/28,"22,4",108,"8,1","=",48,0,10
"RDP-220",2014/09/23,"15,5",92,"8,0","=",36,0,6
"RDP-220",2014/06/25,"20,7",103,"7,6","=",200,-1,44
"RDP-220",2014/07/14,"23,2",111,"8,0","=",72,-1,10
"RDP-220",2014/08/06,"23,3",94,"7,9","=",100,-1,1
"RDP-220",2014/09/03,"22,8",96,"8,0","=",190,-1,3
"RDP-220",2014/06/16,"19,4",88,"7,5","=",27,-2,2
"RDP-220",2014/08/18,"21,1",89,"8,0","=",88,-2,12
"RDP-220",2014/09/08,"21,9",95,"8,0","=",20,-2,4
"RDP-220",2014/10/06,"15,2",80,"8,0","=",13,-2,22
"RDP-250",2014/06/02,"17,0",77,"7,6","=",28,1,0
"RDP-250",2014/06/10,"19,6",81,"7,5","=",92,1,0
"RDP-250",2014/07/01,"23,6",123,"7,6","=",72,1,0
"RDP-250",2014/07/22,"24,6",107,"8,1","=",48,1,0
"RDP-250",2014/08/12,"24,6",93,"8,2","=",30,1,0
"RDP-250",2014/08/25,"22,3",93,"7,9","=",25,1,0
"RDP-250",2014/09/17,"17,2",99,"8,2","=",74,1,0
"RDP-250",2014/09/30,"16,4",89,"8,0","=",46,1,0
"RDP-250",2014/10/14,"13,9",85,"8,0","=",170,1,0
"RDP-250",2014/07/07,"22,2",122,"7,9","=",92,0,4
"RDP-250",2014/07/28,"22,9",112,"8,1","=",160,0,10
"RDP-250",2014/09/23,"15,4",88,"8,0","=",82,0,6
"RDP-250",2014/06/25,"20,6",114,"7,6","=",600,-1,44
"RDP-250",2014/07/14,"23,0",114,"8,0","=",82,-1,10
"RDP-250",2014/08/06,"23,3",96,"8,1","=",340,-1,1
"RDP-250",2014/09/03,"22,3",99,"8,0","=",91,-1,3
"RDP-250",2014/06/16,"19,5",97,"7,5","=",120,-2,2
"RDP-250",2014/08/18,"20,6",91,"8,0","=",92,-2,12
"RDP-250",2014/09/08,"21,8",96,"7,9","=",70,-2,4
"RDP-250",2014/10/06,"15,1",82,"8,0","=",31,-2,22
"RDP-290",2014/06/10,"19,7",83,"7,7","=",74,1,0
"RDP-290",2014/07/01,"23,7",128,"7,7","=",100,1,0
"RDP-290",2014/07/22,"24,7",109,"8,3","=",280,1,0
"RDP-290",2014/08/12,"24,7",94,"8,1","=",58,1,0
"RDP-290",2014/08/25,"22,7",94,"7,9","=",98,1,0
"RDP-290",2014/09/17,"17,5",101,"8,1","=",120,1,0
"RDP-290",2014/09/30,"16,5",88,"7,9","=",44,1,0
"RDP-290",2014/10/14,"13,9",88,"7,9","=",110,1,0
"RDP-290",2014/06/02,"17,2",78,"7,6","=",94,1,0
"RDP-290",2014/07/07,"22,2",123,"7,9","=",120,0,4
"RDP-290",2014/07/28,"22,5",114,"8,0","=",900,0,10
"RDP-290",2014/09/23,"15,6",94,"7,9","=",150,0,6
"RDP-290",2014/06/25,"20,6",114,"7,6","=",600,-1,44
"RDP-290",2014/07/14,"23,2",115,"8,1","=",60,-1,10
"RDP-290",2014/08/06,"23,2",101,"8,1","=",290,-1,1
"RDP-290",2014/09/03,"22,4",99,"8,0","=",320,-1,3
"RDP-290",2014/06/16,"19,7",94,"7,5","=",190,-2,2
"RDP-290",2014/08/18,"20,9",91,"8,0","=",310,-2,12
"RDP-290",2014/09/08,"22,0",97,"8,0","=",80,-2,4
"RDP-290",2014/10/06,"15,1",83,"7,9","=",31,-2,22
"RDP-30",2014/07/03,"24,0",214,"7,8","=",20,1,0
"RDP-30",2014/07/31,"21,9",101,"8,3","=",3,1,0
"RDP-30",2014/08/21,"21,1",95,"7,9","=",15,1,0
"RDP-30",2014/08/28,"21,2",118,"7,9","=",20,1,0
"RDP-30",2014/10/02,"15,3",87,"8,1","=",11,1,0
"RDP-30",2014/06/12,"18,2",77,"7,7","<",2,0,28
"RDP-30",2014/09/11,"21,0",105,"8,0","=",26,0,5
"RDP-30",2014/09/18,"16,6",104,"8,1","=",7,0,2
"RDP-30",2014/10/16,"14,4",88,"7,8","=",25,0,7
"RDP-30",2014/06/19,"19,5",118,"7,9","=",44,-1,25
"RDP-30",2014/07/24,"22,2",109,"8,2","=",5,-1,11
"RDP-30",2014/08/14,"19,3",186,"7,8","=",130,-1,44
"RDP-30",2014/10/09,"12,7",105,"7,9","=",50,-1,22
"RDP-30",2014/06/05,"17,2",100,"7,8","=",90,-2,21
"RDP-30",2014/06/26,"20,5",102,"7,6","=",300,-2,44
"RDP-30",2014/07/10,"20,8",116,"8,3","=",13,-2,6
"RDP-30",2014/07/17,"20,9",119,"8,4","=",11,-2,2
"RDP-30",2014/08/07,"21,9",111,"8,0","=",2,-2,1
"RDP-30",2014/09/04,"21,5",106,"8,0","=",30,-2,3
"RDP-30",2014/09/25,"15,8",90,"8,2","=",20,-2,1
"RDP-305",2014/06/02,"17,9",77,"7,7","=",42,1,0
"RDP-305",2014/06/10,"20,7",81,"7,7","=",76,1,0
"RDP-305",2014/07/01,"24,0",123,"7,6","=",78,1,0
"RDP-305",2014/07/22,"24,9",107,"8,2","=",82,1,0
"RDP-305",2014/08/12,"24,8",93,"8,1","=",220,1,0
"RDP-305",2014/08/25,"22,8",93,"8,0","=",460,1,0
"RDP-305",2014/09/17,"17,6",99,"8,2","=",86,1,0
"RDP-305",2014/09/30,"16,5",87,"8,0","=",62,1,0
"RDP-305",2014/10/14,"13,9",86,"8,0","=",160,1,0
"RDP-305",2014/07/07,"22,2",122,"7,9","=",86,0,4
"RDP-305",2014/07/28,"22,4",108,"8,1","=",270,0,10
"RDP-305",2014/09/23,"15,7",92,"8,0","=",82,0,6
"RDP-305",2014/06/25,"20,9",111,"7,6","=",600,-1,44
"RDP-305",2014/07/14,"23,1",113,"7,9","=",160,-1,10
"RDP-305",2014/08/06,"23,1",100,"8,1","=",100,-1,1
"RDP-305",2014/09/03,"22,7",99,"8,1","=",580,-1,3
"RDP-305",2014/06/16,"20,0",87,"7,6","=",92,-2,2
"RDP-305",2014/08/18,"20,8",89,"8,1","=",92,-2,12
"RDP-305",2014/09/08,"22,0",96,"7,9","=",240,-2,4
"RDP-305",2014/10/06,"15,4",81,"7,8","=",120,-2,22
"RDP-320",2014/06/02,"17,5",78,"7,6","=",39,1,0
"RDP-320",2014/06/10,"20,1",88,"7,6","=",240,1,0
"RDP-320",2014/07/01,"23,9",120,"7,7","=",290,1,0
"RDP-320",2014/07/22,"25,9",107,"8,1","=",46,1,0
"RDP-320",2014/08/12,"24,7",91,"8,2","=",34,1,0
"RDP-320",2014/08/25,"22,8",91,"7,0","=",100,1,0
"RDP-320",2014/09/17,"17,7",99,"8,2","=",60,1,0
"RDP-320",2014/09/30,"16,6",87,"7,9","=",31,1,0
"RDP-320",2014/10/14,"13,8",85,"8,0","=",230,1,0
"RDP-320",2014/07/07,"22,3",120,"7,8","=",54,0,4
"RDP-320",2014/07/28,"22,7",107,"8,0","=",1600,0,10
"RDP-320",2014/09/23,"15,8",92,"8,0","=",48,0,6
"RDP-320",2014/06/25,"20,7",106,"7,6","=",500,-1,44
"RDP-320",2014/07/14,"23,3",112,"8,1","=",470,-1,10
"RDP-320",2014/08/06,"23,4",87,"8,0","=",120,-1,1
"RDP-320",2014/09/03,"22,8",97,"8,0","=",94,-1,3
"RDP-320",2014/06/16,"19,7",90,"7,3","=",84,-2,2
"RDP-320",2014/08/18,"20,9",88,"8,1","=",240,-2,12
"RDP-320",2014/09/08,"22,0",96,"8,0","=",68,-2,4
"RDP-320",2014/10/06,"15,2",81,"7,9","=",100,-2,22
"RDP-330",2014/06/02,"17,0",76,"7,6","=",13,1,0
"RDP-330",2014/06/10,"19,4",82,"7,7","=",45,1,0
"RDP-330",2014/07/01,"23,7",120,"7,2","=",120,1,0
"RDP-330",2014/07/22,"24,2",108,"8,0","=",60,1,0
"RDP-330",2014/08/12,"24,6",96,"8,0","=",3000,1,0
"RDP-330",2014/08/25,"22,7",90,"8,0","=",48,1,0
"RDP-330",2014/09/17,"17,4",99,"8,1","=",58,1,0
"RDP-330",2014/09/30,"16,6",87,"7,9","=",36,1,0
"RDP-330",2014/10/14,"13,8",85,"7,9","=",66,1,0
"RDP-330",2014/07/07,"22,2",120,"7,8","=",45,0,4
"RDP-330",2014/07/28,"22,7",108,"7,9","=",1300,0,11
"RDP-330",2014/09/23,"15,5",92,"8,0","=",18,0,6
"RDP-330",2014/06/25,"20,6",112,"7,6","=",900,-1,44
"RDP-330",2014/07/14,"22,5",112,"7,9","=",520,-1,10
"RDP-330",2014/08/06,"23,4",99,"7,9","=",4500,-1,1
"RDP-330",2014/09/03,"22,5",98,"7,9","=",60,-1,3
"RDP-330",2014/06/16,"19,7",91,"7,6","=",64,-2,2
"RDP-330",2014/08/18,"20,9",88,"8,0","=",210,-2,12
"RDP-330",2014/09/08,"21,8",96,"7,9","=",64,-2,4
"RDP-330",2014/10/06,"15,1",81,"7,9","=",100,-2,22
"RDP-35",2014/07/03,"23,8",135,"8,9","=",15,1,0
"RDP-35",2014/07/31,"20,5",150,"8,1","=",5,1,0
"RDP-35",2014/08/21,"21,4",133,"7,6","=",40,1,0
"RDP-35",2014/08/28,"20,6",110,"7,9","=",38,1,0
"RDP-35",2014/10/02,"14,5",88,"8,1","=",7,1,0
"RDP-35",2014/06/12,"18,2",117,"7,6","=",23,0,28
"RDP-35",2014/09/11,"20,5",107,"7,9","=",380,0,5
"RDP-35",2014/09/18,"15,1",104,"8,0","=",290,0,2
"RDP-35",2014/10/16,"14,2",91,"7,7","=",21,0,7
"RDP-35",2014/06/19,"20,3",114,"7,9","=",15,-1,25
"RDP-35",2014/07/24,"21,4",127,"7,9","=",10,-1,11
"RDP-35",2014/08/14,"18,8",114,"7,8","=",4200,-1,44
"RDP-35",2014/10/09,"12,0",90,"7,9","=",480,-1,22
"RDP-35",2014/06/05,"17,5",101,"7,8","=",30,-2,21
"RDP-35",2014/06/26,"21,3",112,"7,7","=",54,-2,44
"RDP-35",2014/07/10,"19,7",159,"7,9","=",9,-2,6
"RDP-35",2014/07/17,"19,8",149,"8,0","=",36,-2,2
"RDP-35",2014/08/07,"21,5",126,"7,9","<",2,-2,1
"RDP-35",2014/09/04,"20,2",110,"7,9","=",300,-2,3
"RDP-35",2014/09/25,"15,9",93,"8,1","=",50,-2,1
"RDP-350",2014/06/02,"17,1",76,"7,6","=",5,1,0
"RDP-350",2014/06/10,"19,8",79,"7,6","=",60,1,6
"RDP-350",2014/07/01,"23,7",119,"7,6","=",42,1,44
"RDP-350",2014/07/22,"24,5",106,"7,9","=",62,1,10
"RDP-350",2014/08/12,"24,7",95,"7,9","=",3000,1,1
"RDP-350",2014/08/25,"22,8",90,"7,9","=",52,1,3
"RDP-350",2014/09/17,"17,6",98,"8,1","=",38,1,2
"RDP-350",2014/09/30,"16,7",87,"7,9","=",33,1,12
"RDP-350",2014/10/14,"13,8",84,"7,9","=",72,1,4
"RDP-350",2014/07/07,"22,4",119,"7,8","=",58,0,22
"RDP-350",2014/07/28,"22,8",107,"7,9","=",900,0,0
"RDP-350",2014/09/23,"15,6",92,"8,0","=",55,0,0
"RDP-350",2014/06/25,"20,6",108,"7,6","=",2100,-1,0
"RDP-350",2014/07/14,"22,8",111,"7,8","=",430,-1,0
"RDP-350",2014/08/06,"23,5",98,"7,9","=",4300,-1,0
"RDP-350",2014/09/03,"22,9",97,"7,9","=",96,-1,0
"RDP-350",2014/06/16,"19,7",90,"7,6","=",100,-2,0
"RDP-350",2014/08/18,"21,0",88,"7,9","=",260,-2,0
"RDP-350",2014/09/08,"21,9",96,"7,9","=",44,-2,0
"RDP-350",2014/10/06,"15,2",81,"7,9","=",470,-2,7
"RDP-360",2014/07/01,"24,8",126,"7,6","=",200,1,0
"RDP-360",2014/07/22,"25,1",108,"8,2","=",66,1,0
"RDP-360",2014/08/12,"24,9",96,"8,2","=",1800,1,0
"RDP-360",2014/08/25,"23,2",90,"8,1","=",86,1,0
"RDP-360",2014/09/17,"17,9",99,"8,2","=",72,1,0
"RDP-360",2014/09/30,"16,9",87,"8,0","=",25,1,0
"RDP-360",2014/10/14,"14,1",86,"7,9","=",80,1,0
"RDP-360",2014/06/02,"17,7",81,"7,6","=",66,1,0
"RDP-360",2014/06/10,"20,2",80,"7,6",">",6000,1,0
"RDP-360",2014/07/07,"22,3",125,"7,7","=",310,0,7
"RDP-360",2014/07/28,"22,6",109,"8,0","=",900,0,11
"RDP-360",2014/09/23,"16,0",92,"8,0","=",50,0,6
"RDP-360",2014/06/25,"20,9",122,"7,6","=",2200,-1,44
"RDP-360",2014/07/14,"23,6",114,"8,0","=",500,-1,10
"RDP-360",2014/08/06,"23,9",99,"8,3","=",2000,-1,1
"RDP-360",2014/09/03,"23,2",98,"8,2","=",360,-1,3
"RDP-360",2014/08/18,"21,0",88,"8,1","=",210,-2,12
"RDP-360",2014/09/08,"21,1",97,"8,0","=",60,-2,4
"RDP-360",2014/10/06,"15,3",81,"7,9","=",120,-2,22
"RDP-360",2014/06/16,"20,3",95,"7,6","=",160,-2,2
"RDP-380",2014/06/02,"18,1",80,"7,7","=",18,1,0
"RDP-380",2014/06/10,"20,7",80,"7,7","=",81,1,0
"RDP-380",2014/07/01,"25,0",123,"7,8","=",94,1,0
"RDP-380",2014/07/22,"25,6",108,"8,3","=",560,1,0
"RDP-380",2014/08/12,"25,5",89,"8,6","=",3000,1,0
"RDP-380",2014/08/25,"23,9",91,"8,2","=",88,1,0
"RDP-380",2014/09/17,"17,8",99,"8,2","=",60,1,0
"RDP-380",2014/09/30,"16,9",88,"8,0","=",33,1,0
"RDP-380",2014/10/14,"14,9",89,"8,2","=",90,1,0
"RDP-380",2014/07/07,"22,3",121,"7,9","=",66,0,7
"RDP-380",2014/07/28,"22,6",108,"8,0","=",1400,0,12
"RDP-380",2014/09/23,"16,4",92,"8,1","=",82,0,6
"RDP-380",2014/06/25,"21,0",114,"7,7","=",4400,-1,44
"RDP-380",2014/07/14,"24,1",123,"8,3","=",420,-1,10
"RDP-380",2014/08/06,"25,1",97,"8,5","=",1600,-1,1
"RDP-380",2014/09/03,"24,3",98,"8,5","=",320,-1,3
"RDP-380",2014/06/16,"20,9",94,"7,7","=",96,-2,2
"RDP-380",2014/08/18,"21,7",88,"8,2","=",200,-2,12
"RDP-380",2014/09/08,"22,9",97,"8,2","=",50,-2,4
"RDP-380",2014/10/06,"15,8",82,"8,1","=",360,-2,22
"RDP-420",2014/06/02,"20,3",104,"7,7","=",18,1,0
"RDP-420",2014/06/10,"22,1",113,"8,0","=",160,1,0
"RDP-420",2014/07/01,"25,0",151,"7,2","=",200,1,0
"RDP-420",2014/07/22,"26,4",121,"8,6","=",400,1,0
"RDP-420",2014/08/12,"25,9",109,"7,5","=",240,1,0
"RDP-420",2014/08/25,"24,6",104,"8,1","=",150,1,0
"RDP-420",2014/09/17,"17,6",105,"8,4","=",140,1,0
"RDP-420",2014/09/30,"16,9",91,"8,0","=",100,1,0
"RDP-420",2014/10/14,"14,6",127,"7,9","=",48,1,0
"RDP-420",2014/07/07,"22,0",137,"7,8","=",60,0,7
"RDP-420",2014/07/28,"21,8",120,"7,9","=",570,0,12
"RDP-420",2014/09/23,"15,7",126,"8,0","=",250,0,6
"RDP-420",2014/06/25,"21,6",144,"7,8","=",5000,-1,44
"RDP-420",2014/07/14,"24,4",130,"8,4","=",440,-1,10
"RDP-420",2014/08/06,"26,8",113,"8,3","=",240,-1,1
"RDP-420",2014/09/03,"24,1",136,"8,2","=",120,-1,3
"RDP-420",2014/06/16,"21,3",124,"7,9","=",56,-2,2
"RDP-420",2014/08/18,"21,6",100,"8,1","=",300,-2,12
"RDP-420",2014/09/08,"22,7",95,"8,1","=",1200,-2,4
"RDP-420",2014/10/06,"14,0",110,"7,8","=",120,-2,22
"RDP-440",2014/06/02,"18,7",91,"7,7","=",33,1,0
"RDP-440",2014/06/10,"21,1",84,"7,7","=",310,1,0
"RDP-440",2014/07/01,"25,4",144,"7,6","=",73,1,0
"RDP-440",2014/07/22,"26,1",114,"9,3","=",21,1,0
"RDP-440",2014/08/12,"27,7",88,"9,5","=",20,1,0
"RDP-440",2014/08/25,"25,3",93,"9,0","=",21,1,0
"RDP-440",2014/09/17,"17,7",104,"8,4","=",120,1,0
"RDP-440",2014/09/30,"18,8",91,"8,2","=",64,1,0
"RDP-440",2014/10/14,"14,4",89,"8,1","=",100,1,0
"RDP-440",2014/07/07,"22,1",140,"7,9","=",50,0,7
"RDP-440",2014/07/28,"21,2",114,"8,7","=",110,0,12
"RDP-440",2014/09/23,"16,1",97,"8,1","=",210,0,6
"RDP-440",2014/06/25,"21,6",195,"7,6","=",5500,-1,44
"RDP-440",2014/07/14,"23,9",127,"9,0","=",62,-1,10
"RDP-440",2014/08/06,"26,7",95,"9,1","=",92,-1,1
"RDP-440",2014/09/03,"24,5",101,"8,7","=",40,-1,3
"RDP-440",2014/06/16,"20,7",96,"7,6","=",90,-2,2
"RDP-440",2014/08/18,"23,1",94,"9,2","=",44,-2,12
"RDP-440",2014/09/08,"23,3",102,"8,2","=",58,-2,4
"RDP-440",2014/10/06,"15,4",85,"7,9","=",160,-2,22
"RDP-460",2014/06/02,"18,5",80,"7,7","=",60,1,0
"RDP-460",2014/06/10,"21,0",83,"7,7","=",91,1,0
"RDP-460",2014/07/01,"24,9",121,"7,8","=",100,1,0
"RDP-460",2014/07/22,"25,5",113,"8,6","=",500,1,0
"RDP-460",2014/08/12,"26,1",96,"9,0","=",210,1,0
"RDP-460",2014/08/25,"24,7",89,"8,6","=",190,1,0
"RDP-460",2014/09/17,"17,6",101,"8,3","=",88,1,0
"RDP-460",2014/09/30,"17,1",88,"8,1","=",74,1,0
"RDP-460",2014/10/14,"14,8",89,"8,1","=",100,1,0
"RDP-460",2014/07/07,"22,1",129,"7,9","=",82,0,7
"RDP-460",2014/07/28,"21,8",113,"8,3","=",900,0,12
"RDP-460",2014/09/23,"16,9",95,"8,2","=",220,0,6
"RDP-460",2014/06/25,"21,2",131,"7,7","=",4000,-1,44
"RDP-460",2014/07/14,"23,6",118,"8,3","=",510,-1,10
"RDP-460",2014/08/06,"26,1",101,"8,8","=",400,-1,1
"RDP-460",2014/09/03,"24,1",101,"8,6","=",98,-1,3
"RDP-460",2014/06/16,"20,7",94,"7,6","=",170,-2,2
"RDP-460",2014/08/18,"22,3",93,"8,7","=",310,-2,12
"RDP-460",2014/09/08,"23,2",100,"8,3","=",51,-2,4
"RDP-460",2014/10/06,"15,6",84,"7,9","=",130,-2,22
"RDP-480",2014/06/02,"18,2",116,"7,7","=",54,1,0
"RDP-480",2014/06/10,"20,6",152,"7,8","=",2200,1,0
"RDP-480",2014/07/01,"23,8",260,"7,9","=",700,1,0
"RDP-480",2014/07/22,"20,2",610,"8,0","=",21000,1,0
"RDP-480",2014/08/12,"26,3",215,"9,0","=",2000,1,0
"RDP-480",2014/08/25,"22,1",336,"8,2",">",60000,1,0
"RDP-480",2014/09/17,"17,6",550,"8,1",">",60000,1,0
"RDP-480",2014/09/30,"16,9",177,"7,9",">",6000,1,0
"RDP-480",2014/10/14,"14,6",124,"8,0","=",160,1,0
"RDP-480",2014/07/07,"17,8",554,"7,9",">",6000,0,7
"RDP-480",2014/07/28,"19,7",457,"8,2","=",4800,0,12
"RDP-480",2014/09/23,"17,8",404,"7,9","<",10,0,6
"RDP-480",2014/06/25,"19,3",513,"7,8",">",6000,-1,44
"RDP-480",2014/07/14,"19,0",512,"8,0",">",6000,-1,10
"RDP-480",2014/08/06,"25,1",244,"8,6",">",6000,-1,1
"RDP-480",2014/09/03,"22,6",344,"8,1","=",21000,-1,3
"RDP-480",2014/06/16,"20,3",301,"8,0","=",100,-2,2
"RDP-480",2014/08/18,"20,1",589,"8,0","=",5400,-2,12
"RDP-480",2014/09/08,"22,7",833,"7,8","=",900,-2,4
"RDP-480",2014/10/06,"15,6",373,"7,7","=",2200,-2,22
"RDP-490",2014/06/02,"17,6",100,"7,8","=",50,1,0
"RDP-490",2014/06/10,"17,4",156,"8,0","=",64,1,0
"RDP-490",2014/07/01,"25,5",144,"7,9","=",160,1,0
"RDP-490",2014/07/22,"26,2",123,"8,9","=",180,1,0
"RDP-490",2014/08/12,"25,6",112,"8,8","=",420,1,0
"RDP-490",2014/08/25,"25,0",134,"8,5","=",140,1,0
"RDP-490",2014/09/17,"17,4",113,"8,5","=",400,1,0
"RDP-490",2014/09/30,"16,8",91,"8,1","=",1000,1,0
"RDP-490",2014/10/14,"15,6",95,"8,1","=",130,1,0
"RDP-490",2014/07/07,"21,6",142,"8,2","=",2600,0,7
"RDP-490",2014/07/28,"21,3",118,"8,5","=",580,0,12
"RDP-490",2014/09/23,"17,0",106,"8,5","=",280,0,6
"RDP-490",2014/06/25,"21,1",177,"7,9","=",5600,-1,44
"RDP-490",2014/07/14,"23,8",137,"8,7","=",600,-1,10
"RDP-490",2014/08/06,"26,3",116,"8,8","=",550,-1,1
"RDP-490",2014/09/03,"24,7",110,"8,7","=",280,-1,3
"RDP-490",2014/06/16,"20,4",114,"7,9","=",170,-2,2
"RDP-490",2014/08/18,"21,9",120,"8,7","=",400,-2,12
"RDP-490",2014/09/08,"23,4",113,"8,3","=",550,-2,4
"RDP-490",2014/10/06,"15,7",94,"8,3","=",130,-2,22
"RDP-520",2014/06/02,"19,0",130,"7,8","=",20,1,0
"RDP-520",2014/06/10,"21,7",99,"7,9","=",230,1,0
"RDP-520",2014/07/01,"25,7",140,"7,8","=",82,1,0
"RDP-520",2014/07/22,"26,2",127,"8,7","=",110,1,0
"RDP-520",2014/08/12,"25,7",92,"8,5","=",250,1,0
"RDP-520",2014/08/25,"25,1",102,"8,4","=",120,1,0
"RDP-520",2014/09/17,"16,6",125,"8,3","=",120,1,0
"RDP-520",2014/09/30,"16,1",101,"8,1","=",100,1,0
"RDP-520",2014/10/14,"15,5",103,"8,0","=",110,1,0
"RDP-520",2014/07/07,"21,4",145,"8,0","=",70,0,7
"RDP-520",2014/07/28,"20,7",192,"8,3","=",570,0,12
"RDP-520",2014/09/23,"16,4",102,"8,4","=",170,0,6
"RDP-520",2014/06/25,"21,4",166,"7,8","=",4000,-1,44
"RDP-520",2014/07/14,"23,1",140,"8,3","=",150,-1,10
"RDP-520",2014/08/06,"26,1",154,"8,5","=",320,-1,1
"RDP-520",2014/09/03,"23,7",132,"8,6","=",240,-1,3
"RDP-520",2014/06/16,"20,6",116,"7,8","=",150,-2,2
"RDP-520",2014/08/18,"21,5",120,"8,4","=",420,-2,12
"RDP-520",2014/09/08,"22,8",109,"8,2","=",200,-2,4
"RDP-520",2014/10/06,"15,1",84,"8,3","=",180,-2,22
"RDP-540",2014/06/02,"18,7",80,"7,9","=",18,1,0
"RDP-540",2014/06/10,"21,1",81,"7,8","=",36,1,0
"RDP-540",2014/07/01,"24,9",119,"7,8","=",91,1,0
"RDP-540",2014/07/22,"25,1",108,"8,3","=",28,1,0
"RDP-540",2014/08/12,"24,8",89,"8,5","=",390,1,0
"RDP-540",2014/08/25,"23,9",91,"8,2","=",54,1,0
"RDP-540",2014/09/17,"17,6",101,"8,3","=",110,1,0
"RDP-540",2014/09/30,"16,9",88,"8,0","=",70,1,0
"RDP-540",2014/10/14,"15,0",87,"8,1","=",55,1,0
"RDP-540",2014/07/07,"22,0",128,"8,1","=",160,0,7
"RDP-540",2014/07/28,"22,0",118,"8,2","=",570,0,12
"RDP-540",2014/09/23,"16,9",93,"8,2","=",82,0,6
"RDP-540",2014/06/25,"21,3",125,"7,8","=",3800,-1,44
"RDP-540",2014/07/14,"23,6",91,"8,2","=",150,-1,10
"RDP-540",2014/08/06,"24,9",99,"8,5","=",430,-1,1
"RDP-540",2014/09/03,"24,0",97,"8,5","=",54,-1,3
"RDP-540",2014/06/16,"20,4",93,"7,8","=",150,-2,2
"RDP-540",2014/08/18,"21,4",81,"8,2","=",240,-2,12
"RDP-540",2014/09/08,"22,6",99,"8,2","=",64,-2,4
"RDP-540",2014/10/06,"15,4",83,"8,3","=",110,-2,22
"RDP-560",2014/06/02,"18,4",76,"7,6","=",30,1,0
"RDP-560",2014/06/10,"21,1",88,"7,6","=",1500,1,0
"RDP-560",2014/07/01,"25,1",135,"7,6","=",200,1,0
"RDP-560",2014/07/22,"26,0",122,"8,1","=",45,1,0
"RDP-560",2014/08/12,"25,6",106,"8,1","=",400,1,0
"RDP-560",2014/08/25,"24,8",95,"8,2","=",100,1,0
"RDP-560",2014/09/17,"18,0",102,"8,4","=",74,1,0
"RDP-560",2014/09/30,"16,6",90,"8,0","=",110,1,0
"RDP-560",2014/10/14,"14,7",88,"8,0","=",170,1,0
"RDP-560",2014/07/07,"22,0",140,"7,6","=",70,0,7
"RDP-560",2014/07/28,"21,8",114,"8,1","=",1400,0,12
"RDP-560",2014/09/23,"17,1",95,"8,4","=",100,0,6
"RDP-560",2014/06/25,"21,4",139,"7,6","=",4900,-1,44
"RDP-560",2014/07/14,"23,8",105,"7,9","=",180,-1,10
"RDP-560",2014/08/06,"27,3",122,"8,0","=",500,-1,1
"RDP-560",2014/09/03,"24,1",100,"8,4","=",88,-1,3
"RDP-560",2014/06/16,"20,4",95,"7,7","=",140,-2,2
"RDP-560",2014/08/18,"21,8",91,"8,1","=",350,-2,12
"RDP-560",2014/09/08,"22,7",202,"8,2","=",520,-2,4
"RDP-560",2014/10/06,"15,5",84,"8,3","=",110,-2,22
"RDP-60",2014/07/03,"24,1",258,"8,2","=",40,1,0
"RDP-60",2014/07/31,"21,5",271,"8,9","=",92,1,0
"RDP-60",2014/08/21,"21,6",137,"8,1","=",8,1,0
"RDP-60",2014/08/28,"21,4",126,"8,3","=",23,1,0
"RDP-60",2014/10/02,"15,4",104,"8,2","=",16,1,0
"RDP-60",2014/06/12,"17,7",184,"7,7","=",8,0,28
"RDP-60",2014/09/11,"20,1",410,"7,8","=",50,0,5
"RDP-60",2014/09/18,"14,8",106,"8,3","=",48,0,2
"RDP-60",2014/10/16,"14,5",178,"7,6","=",78,0,7
"RDP-60",2014/06/19,"20,4",193,"7,9","=",150,-1,25
"RDP-60",2014/07/24,"22,8",122,"8,8","=",18,-1,11
"RDP-60",2014/08/14,"18,2",316,"7,9","=",4600,-1,44
"RDP-60",2014/10/09,"11,7",96,"7,9","=",360,-1,22
"RDP-60",2014/06/05,"17,7",216,"7,8","=",250,-2,21
"RDP-60",2014/06/26,"21,0",120,"7,9","=",80,-2,44
"RDP-60",2014/07/10,"20,1",123,"8,2","=",13,-2,6
"RDP-60",2014/07/17,"20,0",168,"8,4","=",30,-2,2
"RDP-60",2014/08/07,"21,8",150,"8,5","=",16,-2,1
"RDP-60",2014/09/04,"20,5",119,"8,2","=",30,-2,3
"RDP-60",2014/09/25,"16,1",144,"8,1","=",40,-2,1
"RDP-75",2014/07/03,"24,1",134,"7,9","=",18,1,0
"RDP-75",2014/07/31,"22,4",101,"8,7","=",44,1,0
"RDP-75",2014/08/21,"21,3",90,"8,0","=",30,1,0
"RDP-75",2014/08/28,"22,1",99,"8,2","=",56,1,0
"RDP-75",2014/10/02,"16,0",85,"8,1","=",8,1,0
"RDP-75",2014/06/12,"18,2",86,"7,6","=",45,0,28
"RDP-75",2014/09/11,"21,2",98,"8,2","=",26,0,5
"RDP-75",2014/09/18,"16,9",99,"8,2","=",44,0,2
"RDP-75",2014/10/16,"14,5",89,"7,7","=",16,0,7
"RDP-75",2014/06/19,"19,9",101,"7,9","=",39,-1,25
"RDP-75",2014/07/24,"23,3",106,"8,4","=",94,-1,11
"RDP-75",2014/08/14,"21,2",93,"8,0","=",98,-1,44
"RDP-75",2014/10/09,"14,2",82,"7,9","=",28,-1,22
"RDP-75",2014/06/05,"17,2",79,"7,8","=",3,-2,21
"RDP-75",2014/06/26,"21,3",112,"7,6","=",270,-2,44
"RDP-75",2014/07/10,"22,4",114,"8,1","=",40,-2,6
"RDP-75",2014/07/17,"22,6",112,"8,3","=",8,-2,2
"RDP-75",2014/08/07,"23,3",96,"8,3","=",150,-2,1
"RDP-75",2014/09/04,"22,6",86,"8,1","=",170,-2,3
"RDP-75",2014/09/25,"16,3",90,"8,2","=",18,-2,1
"RDP-80",2014/07/03,"23,7",130,"7,9","=",44,1,0
"RDP-80",2014/07/31,"22,4",100,"8,3","=",16,1,0
"RDP-80",2014/08/21,"21,6",88,"8,0","=",38,1,0
"RDP-80",2014/08/28,"22,1",96,"8,1","=",31,1,0
"RDP-80",2014/10/02,"15,6",87,"8,1","=",7,1,0
"RDP-80",2014/06/12,"18,1",81,"7,7","=",370,0,28
"RDP-80",2014/09/11,"21,5",93,"8,0","=",110,0,5
"RDP-80",2014/09/18,"17,2",99,"8,0","=",48,0,2
"RDP-80",2014/10/16,"14,6",95,"7,7","=",250,0,8
"RDP-80",2014/06/19,"19,8",107,"7,8","=",34,-1,25
"RDP-80",2014/07/24,"22,9",106,"8,0","=",36,-1,11
"RDP-80",2014/08/14,"21,0",96,"7,9","=",96,-1,44
"RDP-80",2014/10/09,"13,8",89,"7,9","=",62,-1,22
"RDP-80",2014/06/05,"17,5",82,"7,9","=",18,-2,21
"RDP-80",2014/06/26,"20,9",109,"7,7","=",200,-2,44
"RDP-80",2014/07/10,"21,5",119,"7,9","=",40,-2,6
"RDP-80",2014/07/17,"21,7",114,"8,0","=",18,-2,2
"RDP-80",2014/08/07,"23,1",95,"8,1","=",18,-2,1
"RDP-80",2014/09/04,"22,1",100,"8,0","=",13,-2,3
"RDP-80",2014/09/25,"16,1",94,"8,1","=",16,-2,1
"RDP-95",2014/07/03,"23,6",129,"7,8","=",80,1,0
"RDP-95",2014/07/31,"22,1",101,"8,3","=",10,1,0
"RDP-95",2014/08/21,"21,6",87,"7,9","=",28,1,0
"RDP-95",2014/08/28,"21,8",95,"8,1","=",16,1,0
"RDP-95",2014/10/02,"15,3",83,"8,2","=",11,1,0
"RDP-95",2014/06/12,"18,2",79,"7,6","=",180,0,28
"RDP-95",2014/09/11,"21,4",97,"8,0","=",66,0,5
"RDP-95",2014/09/18,"16,8",98,"8,0","=",23,0,2
"RDP-95",2014/10/16,"14,7",89,"7,7","=",21,0,8
"RDP-95",2014/06/19,"19,8",202,"7,8","=",40,-1,25
"RDP-95",2014/07/24,"23,0",103,"8,0","=",34,-1,11
"RDP-95",2014/08/14,"20,6",92,"7,9","=",150,-1,44
"RDP-95",2014/10/09,"13,2",85,"7,8","=",90,-1,22
"RDP-95",2014/06/05,"17,2",86,"7,9","=",16,-2,21
"RDP-95",2014/06/26,"20,7",105,"7,6","=",210,-2,44
"RDP-95",2014/07/10,"21,4",119,"8,0","=",64,-2,6
"RDP-95",2014/07/17,"21,6",113,"8,1","=",26,-2,2
"RDP-95",2014/08/07,"22,9",93,"8,1","=",36,-2,1
"RDP-95",2014/09/04,"21,6",99,"8,0","=",18,-2,3
"RDP-95",2014/09/25,"15,6",93,"8,0","=",100,-2,1
